,ID,Accident Severity,Date,Year,Day,Time,Longitude,Latitude,Number of Vehicles,Number of Casualties,Speed Limit,Junction Detail,Junction Control,Road Type,Light Conditions,Weather Conditions,Road Surface Conditions,Sex of Casualty,Age of Casualty,Age Band of Casualty,Vehicle Reference,Sex of Driver,Age of Driver,Age Band of Driver,Vehicle Type,Engine Capacity (cc),Junction Location,Age of Vehicle
0,199901DP00421,Fatal,1999-10-01,1999,Friday,09:23:00,-0.19403,51.515128000000004,2,1,30,Crossroads,Give way or uncontrolled,Single carriageway,Daylight,Fine no high winds,Dry,Male,30,26 - 35,1,Male,30,26 - 35,Pedal cycle,Data missing or out of range,Data missing or out of range,-1
1,199901GD00088,Fatal,1999-03-01,1999,Monday,14:10:00,-0.08801,51.527477000000005,2,1,30,Crossroads,Give way or uncontrolled,One way street/Slip road,Daylight,Fine no high winds,Dry,Female,47,46 - 55,2,Female,48,46 - 55,Goods 7.5 tonnes mgw and over,Data missing or out of range,Data missing or out of range,-1
2,199901HT00577,Fatal,1999-06-08,1999,Tuesday,09:55:00,-0.073505,51.509074,2,1,30,Crossroads,Give way or uncontrolled,Single carriageway,Daylight,Fine no high winds,Dry,Male,27,26 - 35,1,Male,27,26 - 35,Pedal cycle,Data missing or out of range,Data missing or out of range,-1
3,199901MD00505,Fatal,1999-09-29,1999,Wednesday,17:27:00,-0.068475,51.48489,2,1,30,T or staggered junction,Give way or uncontrolled,Dual carriageway,Daylight,Fine no high winds,Dry,Male,59,56 - 65,1,Male,59,56 - 65,Pedal cycle,Data missing or out of range,Data missing or out of range,-1
4,199901NI00031,Fatal,1999-01-28,1999,Thursday,12:30:00,-0.107119,51.522121000000006,2,1,30,Crossroads,Auto traffic signal,Single carriageway,Daylight,Fine no high winds,Dry,Male,38,36 - 45,2,Male,41,36 - 45,Goods 7.5 tonnes mgw and over,Data missing or out of range,Data missing or out of range,-1
5,200001CP00223,Fatal,2000-06-07,2000,Wednesday,08:55:00,-0.08758300000000001,51.517038,2,1,30,T or staggered junction,Give way or uncontrolled,Single carriageway,Daylight,Fine no high winds,Dry,Female,26,26 - 35,1,Female,26,26 - 35,Pedal cycle,Data missing or out of range,Data missing or out of range,-1
6,200001DM02390,Fatal,2000-11-23,2000,Thursday,05:55:00,-0.146044,51.522023,2,1,30,Crossroads,Auto traffic signal,Single carriageway,Darkness - lights lit,Fine no high winds,Dry,Male,40,36 - 45,2,Male,60,56 - 65,Goods 7.5 tonnes mgw and over,5480,Data missing or out of range,7
7,200001MM00743,Fatal,2000-06-20,2000,Tuesday,08:10:00,-0.08329500000000001,51.495565,2,1,30,T or staggered junction,Give way or uncontrolled,Single carriageway,Daylight,Fine no high winds,Dry,Male,11,11 - 15,1,Male,11,11 - 15,Pedal cycle,Data missing or out of range,Data missing or out of range,-1
8,200001MM01398,Fatal,2000-10-23,2000,Monday,18:20:00,-0.095652,51.499813,2,1,30,Crossroads,Auto traffic signal,Single carriageway,Darkness - lights lit,Fine no high winds,Dry,Female,33,26 - 35,1,Female,33,26 - 35,Pedal cycle,Data missing or out of range,Data missing or out of range,-1
9,200101BS00393,Fatal,2001-05-22,2001,Tuesday,13:05:00,-0.18607100000000001,51.490546,2,1,30,Crossroads,Auto traffic signal,Single carriageway,Daylight,Fine no high winds,Dry,Male,53,46 - 55,2,Male,33,26 - 35,Goods 7.5 tonnes mgw and over,Data missing or out of range,Data missing or out of range,11
10,200101DM01894,Fatal,2001-09-27,2001,Thursday,10:50:00,-0.179928,51.510954,2,1,30,T or staggered junction,Give way or uncontrolled,Single carriageway,Daylight,Fine no high winds,Dry,Male,74,66 - 75,2,Male,44,36 - 45,Bus or coach (17 or more pass seats),1045,Data missing or out of range,20
11,200101LX00737,Fatal,2001-05-16,2001,Wednesday,16:20:00,-0.117665,51.48659,2,2,30,T or staggered junction,Give way or uncontrolled,Single carriageway,Daylight,Raining no high winds,Wet or damp,Female,27,26 - 35,2,Male,51,46 - 55,Goods 7.5 tonnes mgw and over,9973,Data missing or out of range,5
12,200101NI01177,Fatal,2001-10-15,2001,Monday,12:12:00,-0.106975,51.522119,2,1,30,Crossroads,Auto traffic signal,Single carriageway,Daylight,Fine no high winds,Dry,Female,Data missing or out of range,Data missing or out of range,1,Female,Data missing or out of range,Data missing or out of range,Pedal cycle,Data missing or out of range,Data missing or out of range,-1
13,200201BS00491,Fatal,2002-08-27,2002,Tuesday,14:30:00,-0.18564,51.483255,2,1,30,Crossroads,Auto traffic signal,Dual carriageway,Daylight,Fine no high winds,Dry,Female,41,36 - 45,2,Male,27,26 - 35,Goods 7.5 tonnes mgw and over,11413,Data missing or out of range,16
14,200201CP00175,Fatal,2002-06-11,2002,Tuesday,17:47:00,-0.07893700000000001,51.520404,2,1,30,Crossroads,Auto traffic signal,Single carriageway,Daylight,Fine no high winds,Dry,Male,25,21 - 25,1,Male,25,21 - 25,Pedal cycle,Data missing or out of range,Data missing or out of range,-1
15,200201CP00397,Fatal,2002-12-06,2002,Friday,18:00:00,-0.089033,51.513375,2,1,30,More than 4 arms (not roundabout),Auto traffic signal,Single carriageway,Darkness - lights lit,Raining no high winds,Wet or damp,Male,58,56 - 65,2,Male,34,26 - 35,Goods 7.5 tonnes mgw and over,Data missing or out of range,Data missing or out of range,-1
16,200201DM00030,Fatal,2002-01-10,2002,Thursday,10:18:00,-0.135687,51.49677,2,1,30,T or staggered junction,Give way or uncontrolled,Single carriageway,Daylight,Fine no high winds,Dry,Male,Data missing or out of range,Data missing or out of range,2,Male,56,56 - 65,Goods 7.5 tonnes mgw and over,Data missing or out of range,Data missing or out of range,6
17,200201DM00370,Fatal,2002-03-09,2002,Saturday,07:50:00,-0.151395,51.496659,2,1,30,Crossroads,Auto traffic signal,Single carriageway,Daylight,Fine no high winds,Dry,Male,28,26 - 35,1,Male,28,26 - 35,Pedal cycle,Data missing or out of range,Data missing or out of range,-1
18,200201DM01817,Fatal,2002-10-21,2002,Monday,12:30:00,-0.167621,51.512381,2,1,30,T or staggered junction,Give way or uncontrolled,Dual carriageway,Daylight,Fine no high winds,Dry,Male,28,26 - 35,2,Male,33,26 - 35,Goods 7.5 tonnes mgw and over,Data missing or out of range,Data missing or out of range,-1
19,200201EO00181,Fatal,2002-05-17,2002,Friday,08:55:00,-0.116602,51.536842,2,1,30,Crossroads,Auto traffic signal,Single carriageway,Daylight,Fine no high winds,Dry,Female,30,26 - 35,2,Male,52,46 - 55,Goods 7.5 tonnes mgw and over,Data missing or out of range,Data missing or out of range,5
20,200201EO01527,Fatal,2002-12-09,2002,Monday,14:50:00,-0.086962,51.521524,2,1,30,T or staggered junction,Give way or uncontrolled,Single carriageway,Daylight,Fine no high winds,Dry,Female,36,36 - 45,2,Male,34,26 - 35,Goods 7.5 tonnes mgw and over,Data missing or out of range,Data missing or out of range,14
21,200301CP00016,Fatal,2003-02-06,2003,Thursday,06:00:00,-0.10443800000000002,51.510296999999994,2,1,30,Not at junction or within 20 metres,Data missing or out of range,Single carriageway,Darkness - lights lit,Fine no high winds,Dry,Male,Data missing or out of range,Data missing or out of range,1,Male,Data missing or out of range,Data missing or out of range,Pedal cycle,Data missing or out of range,Data missing or out of range,-1
22,200301EO00128,Fatal,2003-02-18,2003,Tuesday,16:45:00,-0.091821,51.539769,2,1,30,Not at junction or within 20 metres,Data missing or out of range,Single carriageway,Daylight,Fine no high winds,Dry,Female,9,6 - 10,2,Male,52,46 - 55,Car (including private hire cars) (1979-2004),Data missing or out of range,Data missing or out of range,-1
23,200301EO01108,Fatal,2003-07-12,2003,Saturday,02:20:00,-0.098784,51.538803,2,2,30,T or staggered junction,Give way or uncontrolled,Single carriageway,Darkness - lights lit,Fine no high winds,Dry,Female,23,21 - 25,1,Female,23,21 - 25,Car (including private hire cars) (1979-2004),1149,Data missing or out of range,-1
24,200301LX00140,Fatal,2003-02-23,2003,Sunday,14:10:00,-0.108175,51.489674,3,2,30,T or staggered junction,Give way or uncontrolled,Single carriageway,Daylight,Fine no high winds,Dry,Male,45,36 - 45,3,Male,37,36 - 45,Van / Goods 3.5 tonnes mgw or under,1461,Data missing or out of range,-1
25,200301LX00143,Fatal,2003-01-27,2003,Monday,08:05:00,-0.125394,51.484285,2,1,30,Crossroads,Auto traffic signal,One way street/Slip road,Daylight,Fine no high winds,Snow,Female,50,46 - 55,1,Female,50,46 - 55,Pedal cycle,Data missing or out of range,Data missing or out of range,-1
26,200301LX00865,Fatal,2003-05-20,2003,Tuesday,09:40:00,-0.10967,51.502288,2,1,30,Crossroads,Auto traffic signal,Single carriageway,Daylight,Fine no high winds,Dry,Female,48,46 - 55,2,Male,23,21 - 25,Goods 7.5 tonnes mgw and over,10000,Data missing or out of range,11
27,200301MM00399,Fatal,2003-03-28,2003,Friday,10:38:00,-0.078162,51.501146999999996,2,1,30,Crossroads,Auto traffic signal,Single carriageway,Daylight,Fine no high winds,Dry,Female,21,21 - 25,2,Male,29,26 - 35,Goods 7.5 tonnes mgw and over,Data missing or out of range,Data missing or out of range,-1
28,200301TA00195,Fatal,2003-07-29,2003,Tuesday,13:05:00,-0.104426,51.53143,2,1,30,T or staggered junction,Auto traffic signal,Single carriageway,Daylight,Fine no high winds,Dry,Female,26,26 - 35,2,Male,52,46 - 55,Goods 7.5 tonnes mgw and over,Data missing or out of range,Data missing or out of range,-1
29,200301TA00492,Fatal,2003-11-25,2003,Tuesday,20:43:00,-0.165704,51.520624,2,1,30,Crossroads,Auto traffic signal,Dual carriageway,Darkness - lights lit,Raining no high winds,Wet or damp,Male,34,26 - 35,2,Male,37,36 - 45,Goods over 3.5t. and under 7.5t,Data missing or out of range,Data missing or out of range,-1
30,200301TC00308,Fatal,2003-07-08,2003,Tuesday,17:05:00,-0.088048,51.526578,2,1,30,T or staggered junction,Auto traffic signal,Single carriageway,Daylight,Fine no high winds,Dry,Female,29,26 - 35,2,Male,67,66 - 75,Goods 7.5 tonnes mgw and over,9834,Data missing or out of range,11
31,200301TE00510,Fatal,2003-09-25,2003,Thursday,21:35:00,-0.11069100000000001,51.481082,2,1,30,Other junction,Auto traffic signal,Dual carriageway,Darkness - lights lit,Fine no high winds,Dry,Male,26,26 - 35,2,Male,28,26 - 35,Car (including private hire cars) (1979-2004),1997,Data missing or out of range,25
32,200401CP00029,Fatal,2004-02-23,2004,Monday,09:02:00,-0.09303099999999999,51.510832,2,1,30,Crossroads,Auto traffic signal,Dual carriageway,Daylight,Fine no high winds,Dry,Male,27,26 - 35,2,Male,Data missing or out of range,Data missing or out of range,Goods 7.5 tonnes mgw and over,11021,Data missing or out of range,4
33,200401CP00092,Fatal,2004-05-10,2004,Monday,17:38:00,-0.104453,51.509938,2,1,30,Not at junction or within 20 metres,Data missing or out of range,Dual carriageway,Daylight,Fine no high winds,Dry,Female,37,36 - 45,2,Male,21,21 - 25,Bus or coach (17 or more pass seats),Data missing or out of range,Data missing or out of range,5
34,200501CP00085,Fatal,2005-05-18,2005,Wednesday,18:30:00,-0.09729299999999999,51.515757,2,2,30,T or staggered junction,Give way or uncontrolled,One way street,Daylight,Fine no high winds,Dry,Male,40,36 - 45,1,Male,40,36 - 45,Motorcycle over 500cc,984,Cleared junction or waiting/parked at junction exit,0
35,200501TA00003,Fatal,2005-01-06,2005,Thursday,15:32:00,-0.17861300000000002,51.525861,2,1,30,Crossroads,Auto traffic signal,Single carriageway,Daylight,Fine no high winds,Wet or damp,Male,25,21 - 25,1,Male,25,21 - 25,Pedal cycle,Data missing or out of range,Approaching junction or waiting/parked at junction approach,-1
36,200501TA00065,Fatal,2005-03-24,2005,Thursday,22:29:00,-0.146308,51.504852,2,1,30,T or staggered junction,Auto traffic signal,Dual carriageway,Darkness - lights lit,Fine no high winds,Dry,Male,20,16 - 20,2,Male,Data missing or out of range,Data missing or out of range,Taxi/Private hire car,2664,Cleared junction or waiting/parked at junction exit,5
37,200501TA00088,Fatal,2005-03-11,2005,Friday,22:19:00,-0.193688,51.49462,2,1,30,Not at junction or within 20 metres,Data missing or out of range,Single carriageway,Darkness - lights lit,Raining no high winds,Wet or damp,Male,54,46 - 55,1,Male,54,46 - 55,Pedal cycle,Data missing or out of range,Not at or within 20 metres of junction,-1
38,200501TA00106,Fatal,2005-05-25,2005,Wednesday,17:35:00,-0.17896700000000001,51.495290999999995,2,1,30,Crossroads,Auto traffic signal,Single carriageway,Daylight,Fine no high winds,Dry,Male,22,21 - 25,2,Male,53,46 - 55,Bus or coach (17 or more pass seats),9600,Mid Junction - on roundabout or on main road,3
39,200501TA00270,Fatal,2005-11-18,2005,Friday,07:27:00,-0.10220599999999999,51.522401,2,1,30,Crossroads,Auto traffic signal,Single carriageway,Daylight,Fine no high winds,Dry,Female,37,36 - 45,1,Female,37,36 - 45,Pedal cycle,Data missing or out of range,Mid Junction - on roundabout or on main road,-1
40,200501TE00475,Fatal,2005-12-15,2005,Thursday,08:25:00,-0.11493199999999999,51.479531,2,1,30,T or staggered junction,Give way or uncontrolled,Single carriageway,Daylight,Fine no high winds,Dry,Female,34,26 - 35,2,Male,26,26 - 35,Goods 7.5 tonnes mgw and over,58,Mid Junction - on roundabout or on main road,8
41,200601TA00149,Fatal,2006-07-21,2006,Friday,18:03:00,-0.127468,51.528563,2,1,30,T or staggered junction,Give way or uncontrolled,Dual carriageway,Daylight,Fine no high winds,Dry,Female,43,36 - 45,2,Male,39,36 - 45,Goods 7.5 tonnes mgw and over,Data missing or out of range,Cleared junction or waiting/parked at junction exit,-1
42,200601TA00205,Fatal,2006-09-05,2006,Tuesday,13:00:00,-0.188654,51.53438,2,1,30,T or staggered junction,Give way or uncontrolled,Single carriageway,Daylight,Fine no high winds,Dry,Female,32,26 - 35,1,Female,32,26 - 35,Pedal cycle,Data missing or out of range,Cleared junction or waiting/parked at junction exit,-1
43,200601TA00240,Fatal,2006-10-17,2006,Tuesday,08:40:00,-0.17915599999999998,51.486931,2,1,30,Crossroads,Auto traffic signal,Single carriageway,Daylight,Fine no high winds,Dry,Female,28,26 - 35,2,Male,44,36 - 45,Goods 7.5 tonnes mgw and over,6370,Mid Junction - on roundabout or on main road,2
44,200601TA00292,Fatal,2006-12-21,2006,Thursday,09:17:00,-0.126681,51.533676,2,1,30,T or staggered junction,Auto traffic signal,Single carriageway,Daylight,Raining no high winds,Wet or damp,Female,56,56 - 65,2,Male,51,46 - 55,Goods 7.5 tonnes mgw and over,Data missing or out of range,Mid Junction - on roundabout or on main road,2
45,200601TE00016,Fatal,2006-01-12,2006,Thursday,09:32:00,-0.11838299999999999,51.50063,2,1,30,T or staggered junction,Auto traffic signal,Single carriageway,Daylight,Fine no high winds,Dry,Female,57,56 - 65,2,Male,49,46 - 55,Taxi/Private hire car,2402,Mid Junction - on roundabout or on main road,1
46,200701CP00032,Fatal,2007-01-30,2007,Tuesday,07:40:00,-0.107581,51.510978,2,1,30,T or staggered junction,Auto traffic signal,Dual carriageway,Daylight,Fine no high winds,Wet or damp,Male,25,21 - 25,2,Male,59,56 - 65,Goods 7.5 tonnes mgw and over,8970,Cleared junction or waiting/parked at junction exit,5
47,200701GD69027,Fatal,2007-04-14,2007,Saturday,01:10:00,-0.061821,51.536489,2,1,30,T or staggered junction,Give way or uncontrolled,Single carriageway,Darkness - lights lit,Fine no high winds,Dry,Male,Data missing or out of range,Data missing or out of range,1,Male,Data missing or out of range,Data missing or out of range,Pedal cycle,Data missing or out of range,Mid Junction - on roundabout or on main road,-1
48,200701TA00033,Fatal,2007-03-09,2007,Friday,08:21:00,-0.114238,51.531228000000006,2,1,30,Other junction,Auto traffic signal,Single carriageway,Daylight,Fine no high winds,Dry,Female,26,26 - 35,2,Male,37,36 - 45,Goods 7.5 tonnes mgw and over,11021,Mid Junction - on roundabout or on main road,1
49,200701TA00034,Fatal,2007-03-08,2007,Thursday,09:16:00,-0.12443499999999999,51.521679999999996,2,1,30,Not at junction or within 20 metres,Data missing or out of range,One way street,Daylight,Fine no high winds,Dry,Female,24,21 - 25,2,Male,49,46 - 55,Goods 7.5 tonnes mgw and over,11946,Not at or within 20 metres of junction,7
50,200701TC00107,Fatal,2007-05-04,2007,Friday,10:32:00,-0.07705,51.534402,2,1,30,T or staggered junction,Auto traffic signal,Single carriageway,Daylight,Fine no high winds,Dry,Male,33,26 - 35,2,Male,56,56 - 65,Goods 7.5 tonnes mgw and over,9603,Mid Junction - on roundabout or on main road,10
51,200801CP00222,Fatal,2008-09-18,2008,Thursday,07:21:00,-0.093319,51.510836,2,1,30,Crossroads,Auto traffic signal,Dual carriageway,Daylight,Fine no high winds,Dry,Male,40,36 - 45,2,Male,63,56 - 65,Goods 7.5 tonnes mgw and over,12580,Approaching junction or waiting/parked at junction approach,2
52,200801CW69540,Fatal,2008-02-21,2008,Thursday,22:58:00,-0.158219,51.513222999999996,2,1,30,Other junction,Auto traffic signal,Single carriageway,Darkness - lights lit,Fine no high winds,Dry,Male,35,26 - 35,2,Male,61,56 - 65,Bus or coach (17 or more pass seats),7300,Cleared junction or waiting/parked at junction exit,6
53,200801EK74772,Fatal,2008-09-24,2008,Wednesday,06:40:00,-0.121233,51.518931,2,1,30,Crossroads,Auto traffic signal,One way street,Darkness - lights lit,Fine no high winds,Dry,Female,31,26 - 35,2,Male,48,46 - 55,Goods 7.5 tonnes mgw and over,12777,Entering main road,2
54,200801GD72020,Fatal,2008-04-21,2008,Monday,08:44:00,-0.07634500000000001,51.540865000000004,2,1,30,Crossroads,Auto traffic signal,Single carriageway,Daylight,Fine no high winds,Dry,Male,37,36 - 45,2,Male,40,36 - 45,Goods 7.5 tonnes mgw and over,11000,Entering main road,7
55,200801WW70000,Fatal,2008-01-16,2008,Wednesday,11:58:00,-0.145974,51.477598,2,1,30,Not at junction or within 20 metres,Data missing or out of range,Single carriageway,Daylight,Fine no high winds,Dry,Male,36,36 - 45,1,Male,36,36 - 45,Pedal cycle,Data missing or out of range,Not at or within 20 metres of junction,-1
56,200901TA00031,Fatal,2009-04-09,2009,Thursday,09:20:00,-0.098427,51.523149,2,1,30,Crossroads,Auto traffic signal,Single carriageway,Daylight,Fine no high winds,Dry,Female,30,26 - 35,2,Male,34,26 - 35,Other vehicle,11946,Mid Junction - on roundabout or on main road,2
57,200901TA00126,Fatal,2009-10-20,2009,Tuesday,08:20:00,-0.118881,51.509541,2,1,30,T or staggered junction,Auto traffic signal,Dual carriageway,Daylight,Fine no high winds,Dry,Female,33,26 - 35,2,Male,44,36 - 45,Motorcycle over 500cc,1170,Mid Junction - on roundabout or on main road,4
58,200901TB00089,Fatal,2009-06-12,2009,Friday,18:40:00,-0.10758599999999999,51.517812,2,1,30,Roundabout,Auto traffic signal,Roundabout,Daylight,Fine no high winds,Dry,Female,24,21 - 25,2,Male,Data missing or out of range,Data missing or out of range,Goods 7.5 tonnes mgw and over,8300,Mid Junction - on roundabout or on main road,10
59,200901TB00207,Fatal,2009-11-11,2009,Wednesday,23:04:00,-0.120941,51.519016,2,1,30,Crossroads,Auto traffic signal,Single carriageway,Darkness - lights lit,Raining no high winds,Wet or damp,Female,22,21 - 25,2,Female,23,21 - 25,Bus or coach (17 or more pass seats),7300,Cleared junction or waiting/parked at junction exit,5
60,200901TC00237,Fatal,2009-09-16,2009,Wednesday,06:30:00,-0.062876,51.518431,2,1,30,T or staggered junction,Auto traffic signal,Single carriageway,Daylight,Fine no high winds,Dry,Female,26,26 - 35,2,Male,61,56 - 65,Goods over 3.5t. and under 7.5t,4461,Mid Junction - on roundabout or on main road,1
61,200901TD00051,Fatal,2009-04-08,2009,Wednesday,14:53:00,-0.100439,51.495574,2,1,30,Roundabout,Give way or uncontrolled,Roundabout,Daylight,Fine no high winds,Dry,Female,37,36 - 45,2,Male,44,36 - 45,Goods 7.5 tonnes mgw and over,Data missing or out of range,Leaving roundabout,-1
62,200901TD00156,Fatal,2009-06-29,2009,Monday,08:28:00,-0.112532,51.481831,2,1,30,Crossroads,Auto traffic signal,Single carriageway,Daylight,Fine no high winds,Dry,Female,39,36 - 45,1,Female,39,36 - 45,Pedal cycle,Data missing or out of range,Mid Junction - on roundabout or on main road,-1
63,201001TA00002,Fatal,2010-01-08,2010,Friday,09:00:00,-0.095059,51.527861,2,1,30,T or staggered junction,Give way or uncontrolled,Single carriageway,Daylight,Fine no high winds,Frost or ice,Male,51,46 - 55,2,Male,64,56 - 65,Car,5462,Mid Junction - on roundabout or on main road,2
64,201001TA00042,Fatal,2010-04-14,2010,Wednesday,13:00:00,-0.132154,51.516228000000005,2,1,30,Not at junction or within 20 metres,Data missing or out of range,Single carriageway,Daylight,Fine no high winds,Dry,Female,25,21 - 25,2,Male,60,56 - 65,Bus or coach (17 or more pass seats),7300,Not at or within 20 metres of junction,6
65,201001TA00102,Fatal,2010-05-22,2010,Saturday,11:25:00,-0.131381,51.489327,2,1,30,T or staggered junction,Auto traffic signal,Dual carriageway,Daylight,Fine no high winds,Dry,Male,48,46 - 55,2,Male,45,36 - 45,Other vehicle,12900,Mid Junction - on roundabout or on main road,3
66,201001TD00039,Fatal,2010-02-09,2010,Tuesday,09:36:00,-0.078306,51.501149,2,1,30,Crossroads,Auto traffic signal,Single carriageway,Daylight,Fine no high winds,Dry,Male,46,46 - 55,2,Male,44,36 - 45,Goods 7.5 tonnes mgw and over,Data missing or out of range,Mid Junction - on roundabout or on main road,-1
67,201001TD00073,Fatal,2010-03-09,2010,Tuesday,09:42:00,-0.08576,51.50208,2,1,30,Crossroads,Give way or uncontrolled,Single carriageway,Daylight,Fine no high winds,Dry,Male,21,21 - 25,1,Male,21,21 - 25,Pedal cycle,Data missing or out of range,Mid Junction - on roundabout or on main road,-1
68,201101TD00060,Fatal,2011-03-22,2011,Tuesday,13:20:00,-0.074449,51.500366,2,1,30,T or staggered junction,Give way or uncontrolled,Single carriageway,Daylight,Fine no high winds,Dry,Male,20,16 - 20,2,Male,44,36 - 45,Other vehicle,6692,Mid Junction - on roundabout or on main road,3
69,201101TD00115,Fatal,2011-06-21,2011,Tuesday,08:30:00,-0.061296,51.531894,2,1,30,T or staggered junction,Give way or uncontrolled,Single carriageway,Daylight,Fine no high winds,Dry,Male,44,36 - 45,2,Male,52,46 - 55,Goods 7.5 tonnes mgw and over,12580,Mid Junction - on roundabout or on main road,5
70,201101TD00168,Fatal,2011-10-03,2011,Monday,11:42:00,-0.122625,51.530644,2,1,30,Crossroads,Auto traffic signal,Dual carriageway,Daylight,Fine no high winds,Dry,Female,24,21 - 25,1,Female,24,21 - 25,Pedal cycle,Data missing or out of range,Mid Junction - on roundabout or on main road,-1
71,201101TD00198,Fatal,2011-12-02,2011,Friday,10:07:00,-0.079897,51.497578000000004,2,1,30,Crossroads,Auto traffic signal,Single carriageway,Daylight,Fine no high winds,Dry,Female,22,21 - 25,2,Male,31,26 - 35,Goods 7.5 tonnes mgw and over,6692,Mid Junction - on roundabout or on main road,1
72,201201CP00045,Fatal,2012-02-03,2012,Friday,13:05:00,-0.081715,51.516042999999996,2,1,30,Crossroads,Auto traffic signal,Single carriageway,Daylight,Fine no high winds,Dry,Male,61,56 - 65,2,Male,51,46 - 55,Bus or coach (17 or more pass seats),9000,Mid Junction - on roundabout or on main road,2
73,201301CP00228,Fatal,2013-09-15,2013,Sunday,07:55:00,-0.076917,51.513627,2,1,30,Roundabout,Auto traffic signal,One way street,Daylight,Fine no high winds,Dry,Female,21,21 - 25,2,Male,45,36 - 45,Other vehicle,Data missing or out of range,Approaching junction or waiting/parked at junction approach,-1
74,201301TD00037,Fatal,2013-04-08,2013,Monday,08:25:00,-0.139283,51.496916999999996,2,1,30,Crossroads,Auto traffic signal,Single carriageway,Daylight,Fine no high winds,Dry,Female,35,26 - 35,2,Male,50,46 - 55,Goods 7.5 tonnes mgw and over,12900,Entering main road,5
75,201301TD00074,Fatal,2013-07-05,2013,Friday,19:18:00,-0.072243,51.515079,2,1,30,T or staggered junction,Auto traffic signal,Single carriageway,Daylight,Fine no high winds,Dry,Female,20,16 - 20,2,Male,48,46 - 55,Goods 7.5 tonnes mgw and over,12900,Approaching junction or waiting/parked at junction approach,1
76,201301TD00077,Fatal,2013-07-15,2013,Monday,09:24:00,-0.11970399999999999,51.517558,2,1,30,Not at junction or within 20 metres,Data missing or out of range,Single carriageway,Daylight,Fine no high winds,Dry,Male,54,46 - 55,2,Male,51,46 - 55,Goods over 3.5t. and under 7.5t,12130,Not at or within 20 metres of junction,10
77,201301TD00137,Fatal,2013-11-05,2013,Tuesday,18:42:00,-0.12108900000000002,51.518929,2,1,30,Crossroads,Auto traffic signal,Single carriageway,Daylight,Fine no high winds,Dry,Male,69,66 - 75,2,Male,30,26 - 35,Bus or coach (17 or more pass seats),12000,Mid Junction - on roundabout or on main road,5
78,201301TD00140,Fatal,2013-11-13,2013,Wednesday,23:30:00,-0.07180800000000001,51.515161,2,1,30,Crossroads,Auto traffic signal,Single carriageway,Darkness - lights lit,Raining no high winds,Wet or damp,Male,21,21 - 25,2,Male,49,46 - 55,Bus or coach (17 or more pass seats),9000,Approaching junction or waiting/parked at junction approach,4
79,201301TD00144,Fatal,2013-11-18,2013,Monday,12:07:00,-0.094512,51.482259,2,1,30,Crossroads,Auto traffic signal,Single carriageway,Daylight,Other,Dry,Male,61,56 - 65,2,Male,41,36 - 45,Other vehicle,12913,Mid Junction - on roundabout or on main road,6
80,201401CP00107,Fatal,2014-04-03,2014,Thursday,10:00:00,-0.104426,51.514075,2,1,30,Crossroads,Auto traffic signal,Single carriageway,Daylight,Fine no high winds,Dry,Male,32,26 - 35,2,Male,52,46 - 55,Other vehicle,Data missing or out of range,Mid Junction - on roundabout or on main road,-1
81,201401CP00243,Fatal,2014-08-02,2014,Saturday,19:36:00,-0.087187,51.509298,2,1,30,Not at junction or within 20 metres,Data missing or out of range,Dual carriageway,Daylight,Fine no high winds,Dry,Male,28,26 - 35,2,Male,31,26 - 35,Car,2993,Not at or within 20 metres of junction,6
82,201401CP00297,Fatal,2014-10-17,2014,Friday,11:35:00,-0.104426,51.514075,2,1,30,Crossroads,Auto traffic signal,Single carriageway,Daylight,Fine no high winds,Dry,Female,26,26 - 35,2,Male,44,36 - 45,Goods 7.5 tonnes mgw and over,Data missing or out of range,Mid Junction - on roundabout or on main road,13
83,201401TD00015,Fatal,2014-02-25,2014,Tuesday,18:23:00,-0.142788,51.517026,2,1,30,T or staggered junction,Give way or uncontrolled,Single carriageway,Darkness - lights lit,Fine no high winds,Dry,Male,69,66 - 75,2,Female,55,46 - 55,Car,1598,Cleared junction or waiting/parked at junction exit,2
84,201401TD00039,Fatal,2014-05-13,2014,Tuesday,16:05:00,-0.1004,51.493056,2,1,30,Other junction,Auto traffic signal,Single carriageway,Daylight,Fine no high winds,Wet or damp,Male,47,46 - 55,2,Male,49,46 - 55,Goods 7.5 tonnes mgw and over,7790,Cleared junction or waiting/parked at junction exit,4
85,201401TD00047,Fatal,2014-06-02,2014,Monday,06:58:00,-0.12366700000000001,51.484258000000004,2,1,30,T or staggered junction,Auto traffic signal,One way street,Daylight,Fine no high winds,Dry,Male,52,46 - 55,2,Male,59,56 - 65,Other vehicle,Data missing or out of range,Cleared junction or waiting/parked at junction exit,-1
86,201401TD00122,Fatal,2014-12-06,2014,Saturday,07:21:00,-0.068799,51.511334999999995,2,1,30,Crossroads,Give way or uncontrolled,Single carriageway,Darkness - lights lit,Unknown,Wet or damp,Male,57,56 - 65,2,Male,46,46 - 55,Car,1299,Mid Junction - on roundabout or on main road,13
87,201501CP00181,Fatal,2015-06-22,2015,Monday,08:59:00,-0.089058,51.513339,2,1,30,More than 4 arms (not roundabout),Auto traffic signal,Single carriageway,Daylight,Fine no high winds,Dry,Female,26,26 - 35,2,Male,51,46 - 55,Goods over 3.5t. and under 7.5t,11705,Mid Junction - on roundabout or on main road,8
88,201501TD00027,Fatal,2015-02-06,2015,Friday,21:18:00,-0.12198800000000001,51.518637,2,1,30,T or staggered junction,Give way or uncontrolled,One way street,Darkness - lights lit,Fine no high winds,Dry,Female,26,26 - 35,2,Male,31,26 - 35,Goods over 3.5t. and under 7.5t,6693,Mid Junction - on roundabout or on main road,2
89,201501TD00035,Fatal,2015-02-19,2015,Thursday,07:55:00,-0.141905,51.496743,2,1,30,Crossroads,Auto traffic signal,One way street,Daylight,Fine no high winds,Dry,Female,36,36 - 45,2,Male,60,56 - 65,Goods 7.5 tonnes mgw and over,12777,Mid Junction - on roundabout or on main road,2
90,201501TD00055,Fatal,2015-04-09,2015,Thursday,09:33:00,-0.125134,51.494677,2,1,30,Roundabout,Give way or uncontrolled,Roundabout,Daylight,Fine no high winds,Dry,Female,55,46 - 55,2,Male,40,36 - 45,Goods 7.5 tonnes mgw and over,6374,Approaching junction or waiting/parked at junction approach,2
91,201501TD00072,Fatal,2015-05-28,2015,Thursday,07:58:00,-0.093198,51.47285,2,1,30,T or staggered junction,Give way or uncontrolled,Single carriageway,Daylight,Fine no high winds,Dry,Female,32,26 - 35,2,Male,46,46 - 55,Goods 7.5 tonnes mgw and over,12740,Mid Junction - on roundabout or on main road,2
92,2016010028221,Fatal,2016-10-31,2016,Monday,12:38:00,-0.161139,51.501578,2,1,30,Other junction,Auto traffic signal,Dual carriageway,Daylight,Fine no high winds,Dry,Male,21,21 - 25,1,Male,21,21 - 25,Pedal cycle,Data missing or out of range,Mid Junction - on roundabout or on main road,-1
93,201601TD00018,Fatal,2016-02-12,2016,Friday,12:20:00,-0.081558,51.526652,1,2,30,Crossroads,Auto traffic signal,Single carriageway,Daylight,Fine no high winds,Dry,Female,44,36 - 45,1,Male,19,16 - 20,Pedal cycle,Data missing or out of range,Cleared junction or waiting/parked at junction exit,-1
94,201601TD00067,Fatal,2016-06-04,2016,Saturday,17:00:00,-0.114719,51.512622,2,1,30,Crossroads,Auto traffic signal,Dual carriageway,Daylight,Fine no high winds,Dry,Male,45,36 - 45,1,Male,45,36 - 45,Pedal cycle,Data missing or out of range,Cleared junction or waiting/parked at junction exit,-1
95,201601TD00085,Fatal,2016-07-29,2016,Friday,07:19:00,-0.114225,51.510635,2,1,30,Not at junction or within 20 metres,Data missing or out of range,Single carriageway,Daylight,Fine no high winds,Dry,Male,40,36 - 45,1,Male,40,36 - 45,Pedal cycle,Data missing or out of range,Not at or within 20 metres of junction,-1
96,2017010016444,Fatal,2017-02-06,2017,Monday,08:55:00,-0.0696,51.516169,2,1,30,T or staggered junction,Auto traffic signal,Single carriageway,Daylight,Fine no high winds,Dry,Female,32,26 - 35,2,Male,39,36 - 45,Bus or coach (17 or more pass seats),11967,Entering main road,5
97,2017010038895,Fatal,2017-05-22,2017,Monday,10:43:00,-0.184311,51.484009,2,1,30,Crossroads,Auto traffic signal,One way street,Daylight,Fine no high winds,Dry,Male,57,56 - 65,2,Male,55,46 - 55,Goods 7.5 tonnes mgw and over,6700,Approaching junction or waiting/parked at junction approach,1
98,2017010058579,Fatal,2017-09-12,2017,Tuesday,16:29:00,-0.14937999999999999,51.514308,1,2,30,T or staggered junction,Auto traffic signal,Single carriageway,Daylight,Fine no high winds,Dry,Male,30,26 - 35,1,Male,30,26 - 35,Pedal cycle,Data missing or out of range,Cleared junction or waiting/parked at junction exit,-1
99,2017010061138,Fatal,2017-09-27,2017,Wednesday,07:15:00,-0.149815,51.485808,2,1,30,Crossroads,Auto traffic signal,Single carriageway,Daylight,Fine no high winds,Dry,Female,36,36 - 45,2,Male,42,36 - 45,Goods 7.5 tonnes mgw and over,12900,Approaching junction or waiting/parked at junction approach,9
100,2018010115039,Fatal,2018-05-30,2018,Wednesday,09:40:00,-0.156953,51.515956,2,1,30,Crossroads,Auto traffic signal,Single carriageway,Daylight,Fine no high winds,Dry,Male,83,Over 75,2,Male,29,26 - 35,Goods 7.5 tonnes mgw and over,7698,Mid Junction - on roundabout or on main road,2
101,2018010119169,Fatal,2018-07-06,2018,Friday,00:18:00,-0.100159,51.526471,2,1,20,Crossroads,Auto traffic signal,Single carriageway,Darkness - lights lit,Fine no high winds,Dry,Male,38,36 - 45,2,Male,45,36 - 45,Taxi/Private hire car,1798,Mid Junction - on roundabout or on main road,1
102,2018010119906,Fatal,2018-07-09,2018,Monday,17:40:00,-0.148116,51.477958,2,1,30,Roundabout,Auto traffic signal,Roundabout,Daylight,Fine no high winds,Dry,Male,34,26 - 35,2,Male,58,56 - 65,Goods 7.5 tonnes mgw and over,Data missing or out of range,Mid Junction - on roundabout or on main road,-1
103,2018010127131,Fatal,2018-08-15,2018,Wednesday,09:30:00,-0.12187,51.517378,2,1,20,More than 4 arms (not roundabout),Auto traffic signal,Single carriageway,Daylight,Fine no high winds,Dry,Male,67,66 - 75,2,Female,47,46 - 55,Goods 7.5 tonnes mgw and over,10837,Approaching junction or waiting/parked at junction approach,3
104,2018010133528,Fatal,2018-09-19,2018,Wednesday,11:36:00,-0.101927,51.522093,3,1,20,Not at junction or within 20 metres,Data missing or out of range,One way street,Daylight,Fine + high winds,Dry,Female,55,46 - 55,3,Male,62,56 - 65,Taxi/Private hire car,2499,Not at or within 20 metres of junction,10
105,2020010244580,Fatal,2020-04-07,2020,Tuesday,13:19:00,-0.133654,51.526352,3,2,30,Crossroads,Auto traffic signal,Dual carriageway,Daylight,Fine no high winds,Dry,Male,39,36 - 45,1,Male,39,36 - 45,Motorcycle over 500cc,1690,Approaching junction or waiting/parked at junction approach,6
106,2021010322598,Fatal,2021-08-04,2021,Wednesday,08:55:00,-0.12095299999999999,51.519009000000004,2,1,20,Crossroads,Auto traffic signal,Single carriageway,Daylight,Fine no high winds,Dry,Female,41,36 - 45,2,Male,67,66 - 75,Goods 7.5 tonnes mgw and over,12809,Approaching junction or waiting/parked at junction approach,3
