,index,properties.accident.id,properties.accident.accident_year,properties.accident.date,properties.accident.day_of_week,properties.accident.time,properties.accident.speed_limit,properties.accident.junction_detail,properties.accident.junction_control,properties.accident.longitude,properties.accident.latitude,properties.accident.accident_severity,properties.casualties.1.sex_of_casualty,properties.casualties.1.age_of_casualty,properties.casualties.1.age_band_of_casualty,properties.casualties.1.vehicle_reference,properties.vehicles.1.sex_of_driver,properties.vehicles.1.age_of_driver,properties.vehicles.1.age_band_of_driver,properties.vehicles.1.vehicle_reference,properties.vehicles.1.vehicle_type,properties.vehicles.1.junction_location,properties.labels.accident.speed_limit,properties.labels.accident.junction_detail,properties.labels.accident.junction_control,properties.labels.accident.road_type,properties.labels.accident.road_surface_conditions,properties.labels.accident.light_conditions,properties.labels.accident.weather_conditions,properties.labels.casualties.sex_of_casualty,properties.labels.casualties.age_of_casualty,properties.labels.casualties.age_band_of_casualty,properties.labels.casualties.vehicle_reference,properties.labels.vehicles.sex_of_driver,properties.labels.vehicles.age_of_driver,properties.labels.vehicles.age_band_of_driver,properties.labels.vehicles.vehicle_reference,properties.labels.vehicles.vehicle_type,properties.labels.vehicles.generic_make_model,properties.labels.vehicles.junction_location
0,0,199901DP00421,1999,1999-10-01,Friday,09:23:00,30,Crossroads,Give way or uncontrolled,-0.19403,51.515128,Fatal,Male,30,26 - 35,1,Male,30,26 - 35,1,Pedal cycle,Data missing or out of range,Speed limit,Junction Detail,Junction Control,Road Type,Road Surface Conditions,Light Conditions,Weather Conditions,Sex of Casualty,Age of Casualty,Age Band of Casualty,Vehicle Reference,Sex of Driver,Age of Driver,Age Band of Driver,Vehicle Reference,Vehicle Type,Generic make / model,Junction Location
1,0,199901GD00088,1999,1999-03-01,Monday,14:10:00,30,Crossroads,Give way or uncontrolled,-0.08801,51.527477,Fatal,Female,47,46 - 55,2,Female,48,46 - 55,1,Goods 7.5 tonnes mgw and over,Data missing or out of range,Speed limit,Junction Detail,Junction Control,Road Type,Road Surface Conditions,Light Conditions,Weather Conditions,Sex of Casualty,Age of Casualty,Age Band of Casualty,Vehicle Reference,Sex of Driver,Age of Driver,Age Band of Driver,Vehicle Reference,Vehicle Type,Generic make / model,Junction Location
2,0,199901HT00577,1999,1999-06-08,Tuesday,09:55:00,30,Crossroads,Give way or uncontrolled,-0.073505,51.509074,Fatal,Male,27,26 - 35,1,Male,27,26 - 35,1,Pedal cycle,Data missing or out of range,Speed limit,Junction Detail,Junction Control,Road Type,Road Surface Conditions,Light Conditions,Weather Conditions,Sex of Casualty,Age of Casualty,Age Band of Casualty,Vehicle Reference,Sex of Driver,Age of Driver,Age Band of Driver,Vehicle Reference,Vehicle Type,Generic make / model,Junction Location
3,0,199901MD00505,1999,1999-09-29,Wednesday,17:27:00,30,T or staggered junction,Give way or uncontrolled,-0.068475,51.48489,Fatal,Male,59,56 - 65,1,Male,59,56 - 65,1,Pedal cycle,Data missing or out of range,Speed limit,Junction Detail,Junction Control,Road Type,Road Surface Conditions,Light Conditions,Weather Conditions,Sex of Casualty,Age of Casualty,Age Band of Casualty,Vehicle Reference,Sex of Driver,Age of Driver,Age Band of Driver,Vehicle Reference,Vehicle Type,Generic make / model,Junction Location
4,0,199901NI00031,1999,1999-01-28,Thursday,12:30:00,30,Crossroads,Auto traffic signal,-0.107119,51.522121,Fatal,Male,38,36 - 45,2,Male,41,36 - 45,1,Goods 7.5 tonnes mgw and over,Data missing or out of range,Speed limit,Junction Detail,Junction Control,Road Type,Road Surface Conditions,Light Conditions,Weather Conditions,Sex of Casualty,Age of Casualty,Age Band of Casualty,Vehicle Reference,Sex of Driver,Age of Driver,Age Band of Driver,Vehicle Reference,Vehicle Type,Generic make / model,Junction Location
5,0,200001CP00223,2000,2000-06-07,Wednesday,08:55:00,30,T or staggered junction,Give way or uncontrolled,-0.087583,51.517038,Fatal,Female,26,26 - 35,1,Female,26,26 - 35,1,Pedal cycle,Data missing or out of range,Speed limit,Junction Detail,Junction Control,Road Type,Road Surface Conditions,Light Conditions,Weather Conditions,Sex of Casualty,Age of Casualty,Age Band of Casualty,Vehicle Reference,Sex of Driver,Age of Driver,Age Band of Driver,Vehicle Reference,Vehicle Type,Generic make / model,Junction Location
6,0,200001DM02390,2000,2000-11-23,Thursday,05:55:00,30,Crossroads,Auto traffic signal,-0.146044,51.522023,Fatal,Male,40,36 - 45,2,Male,60,56 - 65,1,Goods 7.5 tonnes mgw and over,Data missing or out of range,Speed limit,Junction Detail,Junction Control,Road Type,Road Surface Conditions,Light Conditions,Weather Conditions,Sex of Casualty,Age of Casualty,Age Band of Casualty,Vehicle Reference,Sex of Driver,Age of Driver,Age Band of Driver,Vehicle Reference,Vehicle Type,Generic make / model,Junction Location
7,0,200001MM00743,2000,2000-06-20,Tuesday,08:10:00,30,T or staggered junction,Give way or uncontrolled,-0.083295,51.495565,Fatal,Male,11,11 - 15,1,Male,11,11 - 15,1,Pedal cycle,Data missing or out of range,Speed limit,Junction Detail,Junction Control,Road Type,Road Surface Conditions,Light Conditions,Weather Conditions,Sex of Casualty,Age of Casualty,Age Band of Casualty,Vehicle Reference,Sex of Driver,Age of Driver,Age Band of Driver,Vehicle Reference,Vehicle Type,Generic make / model,Junction Location
8,0,200001MM01398,2000,2000-10-23,Monday,18:20:00,30,Crossroads,Auto traffic signal,-0.095652,51.499813,Fatal,Female,33,26 - 35,1,Female,33,26 - 35,1,Pedal cycle,Data missing or out of range,Speed limit,Junction Detail,Junction Control,Road Type,Road Surface Conditions,Light Conditions,Weather Conditions,Sex of Casualty,Age of Casualty,Age Band of Casualty,Vehicle Reference,Sex of Driver,Age of Driver,Age Band of Driver,Vehicle Reference,Vehicle Type,Generic make / model,Junction Location
9,0,200101BS00393,2001,2001-05-22,Tuesday,13:05:00,30,Crossroads,Auto traffic signal,-0.186071,51.490546,Fatal,Male,53,46 - 55,2,Male,33,26 - 35,1,Goods 7.5 tonnes mgw and over,Data missing or out of range,Speed limit,Junction Detail,Junction Control,Road Type,Road Surface Conditions,Light Conditions,Weather Conditions,Sex of Casualty,Age of Casualty,Age Band of Casualty,Vehicle Reference,Sex of Driver,Age of Driver,Age Band of Driver,Vehicle Reference,Vehicle Type,Generic make / model,Junction Location
10,0,200101DM01894,2001,2001-09-27,Thursday,10:50:00,30,T or staggered junction,Give way or uncontrolled,-0.179928,51.510954,Fatal,Male,74,66 - 75,2,Male,44,36 - 45,1,Bus or coach (17 or more pass seats),Data missing or out of range,Speed limit,Junction Detail,Junction Control,Road Type,Road Surface Conditions,Light Conditions,Weather Conditions,Sex of Casualty,Age of Casualty,Age Band of Casualty,Vehicle Reference,Sex of Driver,Age of Driver,Age Band of Driver,Vehicle Reference,Vehicle Type,Generic make / model,Junction Location
11,0,200101LX00737,2001,2001-05-16,Wednesday,16:20:00,30,T or staggered junction,Give way or uncontrolled,-0.117665,51.48659,Fatal,Female,27,26 - 35,2,Male,51,46 - 55,1,Goods 7.5 tonnes mgw and over,Data missing or out of range,Speed limit,Junction Detail,Junction Control,Road Type,Road Surface Conditions,Light Conditions,Weather Conditions,Sex of Casualty,Age of Casualty,Age Band of Casualty,Vehicle Reference,Sex of Driver,Age of Driver,Age Band of Driver,Vehicle Reference,Vehicle Type,Generic make / model,Junction Location
12,0,200101NI01177,2001,2001-10-15,Monday,12:12:00,30,Crossroads,Auto traffic signal,-0.106975,51.522119,Fatal,Female,Data missing or out of range,Data missing or out of range,1,Female,Data missing or out of range,Data missing or out of range,1,Pedal cycle,Data missing or out of range,Speed limit,Junction Detail,Junction Control,Road Type,Road Surface Conditions,Light Conditions,Weather Conditions,Sex of Casualty,Age of Casualty,Age Band of Casualty,Vehicle Reference,Sex of Driver,Age of Driver,Age Band of Driver,Vehicle Reference,Vehicle Type,Generic make / model,Junction Location
13,0,200201BS00491,2002,2002-08-27,Tuesday,14:30:00,30,Crossroads,Auto traffic signal,-0.18564,51.483255,Fatal,Female,41,36 - 45,2,Male,27,26 - 35,1,Goods 7.5 tonnes mgw and over,Data missing or out of range,Speed limit,Junction Detail,Junction Control,Road Type,Road Surface Conditions,Light Conditions,Weather Conditions,Sex of Casualty,Age of Casualty,Age Band of Casualty,Vehicle Reference,Sex of Driver,Age of Driver,Age Band of Driver,Vehicle Reference,Vehicle Type,Generic make / model,Junction Location
14,0,200201CP00175,2002,2002-06-11,Tuesday,17:47:00,30,Crossroads,Auto traffic signal,-0.078937,51.520404,Fatal,Male,25,21 - 25,1,Male,25,21 - 25,1,Pedal cycle,Data missing or out of range,Speed limit,Junction Detail,Junction Control,Road Type,Road Surface Conditions,Light Conditions,Weather Conditions,Sex of Casualty,Age of Casualty,Age Band of Casualty,Vehicle Reference,Sex of Driver,Age of Driver,Age Band of Driver,Vehicle Reference,Vehicle Type,Generic make / model,Junction Location
15,0,200201CP00397,2002,2002-12-06,Friday,18:00:00,30,More than 4 arms (not roundabout),Auto traffic signal,-0.089033,51.513375,Fatal,Male,58,56 - 65,2,Male,34,26 - 35,1,Goods 7.5 tonnes mgw and over,Data missing or out of range,Speed limit,Junction Detail,Junction Control,Road Type,Road Surface Conditions,Light Conditions,Weather Conditions,Sex of Casualty,Age of Casualty,Age Band of Casualty,Vehicle Reference,Sex of Driver,Age of Driver,Age Band of Driver,Vehicle Reference,Vehicle Type,Generic make / model,Junction Location
16,0,200201DM00030,2002,2002-01-10,Thursday,10:18:00,30,T or staggered junction,Give way or uncontrolled,-0.135687,51.49677,Fatal,Male,Data missing or out of range,Data missing or out of range,2,Male,56,56 - 65,1,Goods 7.5 tonnes mgw and over,Data missing or out of range,Speed limit,Junction Detail,Junction Control,Road Type,Road Surface Conditions,Light Conditions,Weather Conditions,Sex of Casualty,Age of Casualty,Age Band of Casualty,Vehicle Reference,Sex of Driver,Age of Driver,Age Band of Driver,Vehicle Reference,Vehicle Type,Generic make / model,Junction Location
17,0,200201DM00370,2002,2002-03-09,Saturday,07:50:00,30,Crossroads,Auto traffic signal,-0.151395,51.496659,Fatal,Male,28,26 - 35,1,Male,28,26 - 35,1,Pedal cycle,Data missing or out of range,Speed limit,Junction Detail,Junction Control,Road Type,Road Surface Conditions,Light Conditions,Weather Conditions,Sex of Casualty,Age of Casualty,Age Band of Casualty,Vehicle Reference,Sex of Driver,Age of Driver,Age Band of Driver,Vehicle Reference,Vehicle Type,Generic make / model,Junction Location
18,0,200201DM01817,2002,2002-10-21,Monday,12:30:00,30,T or staggered junction,Give way or uncontrolled,-0.167621,51.512381,Fatal,Male,28,26 - 35,2,Male,33,26 - 35,1,Goods 7.5 tonnes mgw and over,Data missing or out of range,Speed limit,Junction Detail,Junction Control,Road Type,Road Surface Conditions,Light Conditions,Weather Conditions,Sex of Casualty,Age of Casualty,Age Band of Casualty,Vehicle Reference,Sex of Driver,Age of Driver,Age Band of Driver,Vehicle Reference,Vehicle Type,Generic make / model,Junction Location
19,0,200201EO00181,2002,2002-05-17,Friday,08:55:00,30,Crossroads,Auto traffic signal,-0.116602,51.536842,Fatal,Female,30,26 - 35,2,Male,52,46 - 55,1,Goods 7.5 tonnes mgw and over,Data missing or out of range,Speed limit,Junction Detail,Junction Control,Road Type,Road Surface Conditions,Light Conditions,Weather Conditions,Sex of Casualty,Age of Casualty,Age Band of Casualty,Vehicle Reference,Sex of Driver,Age of Driver,Age Band of Driver,Vehicle Reference,Vehicle Type,Generic make / model,Junction Location
20,0,200201EO01527,2002,2002-12-09,Monday,14:50:00,30,T or staggered junction,Give way or uncontrolled,-0.086962,51.521524,Fatal,Female,36,36 - 45,2,Male,34,26 - 35,1,Goods 7.5 tonnes mgw and over,Data missing or out of range,Speed limit,Junction Detail,Junction Control,Road Type,Road Surface Conditions,Light Conditions,Weather Conditions,Sex of Casualty,Age of Casualty,Age Band of Casualty,Vehicle Reference,Sex of Driver,Age of Driver,Age Band of Driver,Vehicle Reference,Vehicle Type,Generic make / model,Junction Location
21,0,200301CP00016,2003,2003-02-06,Thursday,06:00:00,30,Not at junction or within 20 metres,Data missing or out of range,-0.104438,51.510297,Fatal,Male,Data missing or out of range,Data missing or out of range,1,Male,Data missing or out of range,Data missing or out of range,1,Pedal cycle,Data missing or out of range,Speed limit,Junction Detail,Junction Control,Road Type,Road Surface Conditions,Light Conditions,Weather Conditions,Sex of Casualty,Age of Casualty,Age Band of Casualty,Vehicle Reference,Sex of Driver,Age of Driver,Age Band of Driver,Vehicle Reference,Vehicle Type,Generic make / model,Junction Location
22,0,200301EO00128,2003,2003-02-18,Tuesday,16:45:00,30,Not at junction or within 20 metres,Data missing or out of range,-0.091821,51.539769,Fatal,Female,9,6 - 10,2,Male,52,46 - 55,1,Car (including private hire cars) (1979-2004),Data missing or out of range,Speed limit,Junction Detail,Junction Control,Road Type,Road Surface Conditions,Light Conditions,Weather Conditions,Sex of Casualty,Age of Casualty,Age Band of Casualty,Vehicle Reference,Sex of Driver,Age of Driver,Age Band of Driver,Vehicle Reference,Vehicle Type,Generic make / model,Junction Location
23,0,200301EO01108,2003,2003-07-12,Saturday,02:20:00,30,T or staggered junction,Give way or uncontrolled,-0.098784,51.538803,Fatal,Female,23,21 - 25,1,Female,23,21 - 25,1,Car (including private hire cars) (1979-2004),Data missing or out of range,Speed limit,Junction Detail,Junction Control,Road Type,Road Surface Conditions,Light Conditions,Weather Conditions,Sex of Casualty,Age of Casualty,Age Band of Casualty,Vehicle Reference,Sex of Driver,Age of Driver,Age Band of Driver,Vehicle Reference,Vehicle Type,Generic make / model,Junction Location
24,0,200301LX00140,2003,2003-02-23,Sunday,14:10:00,30,T or staggered junction,Give way or uncontrolled,-0.108175,51.489674,Fatal,Male,45,36 - 45,3,Male,37,36 - 45,1,Van / Goods 3.5 tonnes mgw or under,Data missing or out of range,Speed limit,Junction Detail,Junction Control,Road Type,Road Surface Conditions,Light Conditions,Weather Conditions,Sex of Casualty,Age of Casualty,Age Band of Casualty,Vehicle Reference,Sex of Driver,Age of Driver,Age Band of Driver,Vehicle Reference,Vehicle Type,Generic make / model,Junction Location
25,0,200301LX00143,2003,2003-01-27,Monday,08:05:00,30,Crossroads,Auto traffic signal,-0.125394,51.484285,Fatal,Female,50,46 - 55,1,Female,50,46 - 55,1,Pedal cycle,Data missing or out of range,Speed limit,Junction Detail,Junction Control,Road Type,Road Surface Conditions,Light Conditions,Weather Conditions,Sex of Casualty,Age of Casualty,Age Band of Casualty,Vehicle Reference,Sex of Driver,Age of Driver,Age Band of Driver,Vehicle Reference,Vehicle Type,Generic make / model,Junction Location
26,0,200301LX00865,2003,2003-05-20,Tuesday,09:40:00,30,Crossroads,Auto traffic signal,-0.10967,51.502288,Fatal,Female,48,46 - 55,2,Male,23,21 - 25,1,Goods 7.5 tonnes mgw and over,Data missing or out of range,Speed limit,Junction Detail,Junction Control,Road Type,Road Surface Conditions,Light Conditions,Weather Conditions,Sex of Casualty,Age of Casualty,Age Band of Casualty,Vehicle Reference,Sex of Driver,Age of Driver,Age Band of Driver,Vehicle Reference,Vehicle Type,Generic make / model,Junction Location
27,0,200301MM00399,2003,2003-03-28,Friday,10:38:00,30,Crossroads,Auto traffic signal,-0.078162,51.501147,Fatal,Female,21,21 - 25,2,Male,29,26 - 35,1,Goods 7.5 tonnes mgw and over,Data missing or out of range,Speed limit,Junction Detail,Junction Control,Road Type,Road Surface Conditions,Light Conditions,Weather Conditions,Sex of Casualty,Age of Casualty,Age Band of Casualty,Vehicle Reference,Sex of Driver,Age of Driver,Age Band of Driver,Vehicle Reference,Vehicle Type,Generic make / model,Junction Location
28,0,200301TA00195,2003,2003-07-29,Tuesday,13:05:00,30,T or staggered junction,Auto traffic signal,-0.104426,51.53143,Fatal,Female,26,26 - 35,2,Male,52,46 - 55,1,Goods 7.5 tonnes mgw and over,Data missing or out of range,Speed limit,Junction Detail,Junction Control,Road Type,Road Surface Conditions,Light Conditions,Weather Conditions,Sex of Casualty,Age of Casualty,Age Band of Casualty,Vehicle Reference,Sex of Driver,Age of Driver,Age Band of Driver,Vehicle Reference,Vehicle Type,Generic make / model,Junction Location
29,0,200301TA00492,2003,2003-11-25,Tuesday,20:43:00,30,Crossroads,Auto traffic signal,-0.165704,51.520624,Fatal,Male,34,26 - 35,2,Male,37,36 - 45,1,Goods over 3.5t. and under 7.5t,Data missing or out of range,Speed limit,Junction Detail,Junction Control,Road Type,Road Surface Conditions,Light Conditions,Weather Conditions,Sex of Casualty,Age of Casualty,Age Band of Casualty,Vehicle Reference,Sex of Driver,Age of Driver,Age Band of Driver,Vehicle Reference,Vehicle Type,Generic make / model,Junction Location
30,0,200301TC00308,2003,2003-07-08,Tuesday,17:05:00,30,T or staggered junction,Auto traffic signal,-0.088048,51.526578,Fatal,Female,29,26 - 35,2,Male,67,66 - 75,1,Goods 7.5 tonnes mgw and over,Data missing or out of range,Speed limit,Junction Detail,Junction Control,Road Type,Road Surface Conditions,Light Conditions,Weather Conditions,Sex of Casualty,Age of Casualty,Age Band of Casualty,Vehicle Reference,Sex of Driver,Age of Driver,Age Band of Driver,Vehicle Reference,Vehicle Type,Generic make / model,Junction Location
31,0,200301TE00510,2003,2003-09-25,Thursday,21:35:00,30,Other junction,Auto traffic signal,-0.110691,51.481082,Fatal,Male,26,26 - 35,2,Male,28,26 - 35,1,Car (including private hire cars) (1979-2004),Data missing or out of range,Speed limit,Junction Detail,Junction Control,Road Type,Road Surface Conditions,Light Conditions,Weather Conditions,Sex of Casualty,Age of Casualty,Age Band of Casualty,Vehicle Reference,Sex of Driver,Age of Driver,Age Band of Driver,Vehicle Reference,Vehicle Type,Generic make / model,Junction Location
32,0,200401CP00029,2004,2004-02-23,Monday,09:02:00,30,Crossroads,Auto traffic signal,-0.093031,51.510832,Fatal,Male,27,26 - 35,2,Male,Data missing or out of range,Data missing or out of range,1,Goods 7.5 tonnes mgw and over,Data missing or out of range,Speed limit,Junction Detail,Junction Control,Road Type,Road Surface Conditions,Light Conditions,Weather Conditions,Sex of Casualty,Age of Casualty,Age Band of Casualty,Vehicle Reference,Sex of Driver,Age of Driver,Age Band of Driver,Vehicle Reference,Vehicle Type,Generic make / model,Junction Location
33,0,200401CP00092,2004,2004-05-10,Monday,17:38:00,30,Not at junction or within 20 metres,Data missing or out of range,-0.104453,51.509938,Fatal,Female,37,36 - 45,2,Male,21,21 - 25,1,Bus or coach (17 or more pass seats),Data missing or out of range,Speed limit,Junction Detail,Junction Control,Road Type,Road Surface Conditions,Light Conditions,Weather Conditions,Sex of Casualty,Age of Casualty,Age Band of Casualty,Vehicle Reference,Sex of Driver,Age of Driver,Age Band of Driver,Vehicle Reference,Vehicle Type,Generic make / model,Junction Location
34,0,200501CP00085,2005,2005-05-18,Wednesday,18:30:00,30,T or staggered junction,Give way or uncontrolled,-0.097293,51.515757,Fatal,Male,40,36 - 45,1,Male,40,36 - 45,1,Motorcycle over 500cc,Cleared junction or waiting/parked at junction exit,Speed limit,Junction Detail,Junction Control,Road Type,Road Surface Conditions,Light Conditions,Weather Conditions,Sex of Casualty,Age of Casualty,Age Band of Casualty,Vehicle Reference,Sex of Driver,Age of Driver,Age Band of Driver,Vehicle Reference,Vehicle Type,Generic make / model,Junction Location
35,0,200501TA00003,2005,2005-01-06,Thursday,15:32:00,30,Crossroads,Auto traffic signal,-0.178613,51.525861,Fatal,Male,25,21 - 25,1,Male,25,21 - 25,1,Pedal cycle,Approaching junction or waiting/parked at junction approach,Speed limit,Junction Detail,Junction Control,Road Type,Road Surface Conditions,Light Conditions,Weather Conditions,Sex of Casualty,Age of Casualty,Age Band of Casualty,Vehicle Reference,Sex of Driver,Age of Driver,Age Band of Driver,Vehicle Reference,Vehicle Type,Generic make / model,Junction Location
36,0,200501TA00065,2005,2005-03-24,Thursday,22:29:00,30,T or staggered junction,Auto traffic signal,-0.146308,51.504852,Fatal,Male,20,16 - 20,2,Male,Data missing or out of range,Data missing or out of range,1,Taxi/Private hire car,Cleared junction or waiting/parked at junction exit,Speed limit,Junction Detail,Junction Control,Road Type,Road Surface Conditions,Light Conditions,Weather Conditions,Sex of Casualty,Age of Casualty,Age Band of Casualty,Vehicle Reference,Sex of Driver,Age of Driver,Age Band of Driver,Vehicle Reference,Vehicle Type,Generic make / model,Junction Location
37,0,200501TA00088,2005,2005-03-11,Friday,22:19:00,30,Not at junction or within 20 metres,Data missing or out of range,-0.193688,51.49462,Fatal,Male,54,46 - 55,1,Male,54,46 - 55,1,Pedal cycle,Not at or within 20 metres of junction,Speed limit,Junction Detail,Junction Control,Road Type,Road Surface Conditions,Light Conditions,Weather Conditions,Sex of Casualty,Age of Casualty,Age Band of Casualty,Vehicle Reference,Sex of Driver,Age of Driver,Age Band of Driver,Vehicle Reference,Vehicle Type,Generic make / model,Junction Location
38,0,200501TA00106,2005,2005-05-25,Wednesday,17:35:00,30,Crossroads,Auto traffic signal,-0.178967,51.495291,Fatal,Male,22,21 - 25,2,Male,53,46 - 55,1,Bus or coach (17 or more pass seats),Mid Junction - on roundabout or on main road,Speed limit,Junction Detail,Junction Control,Road Type,Road Surface Conditions,Light Conditions,Weather Conditions,Sex of Casualty,Age of Casualty,Age Band of Casualty,Vehicle Reference,Sex of Driver,Age of Driver,Age Band of Driver,Vehicle Reference,Vehicle Type,Generic make / model,Junction Location
39,0,200501TA00270,2005,2005-11-18,Friday,07:27:00,30,Crossroads,Auto traffic signal,-0.102206,51.522401,Fatal,Female,37,36 - 45,1,Female,37,36 - 45,1,Pedal cycle,Mid Junction - on roundabout or on main road,Speed limit,Junction Detail,Junction Control,Road Type,Road Surface Conditions,Light Conditions,Weather Conditions,Sex of Casualty,Age of Casualty,Age Band of Casualty,Vehicle Reference,Sex of Driver,Age of Driver,Age Band of Driver,Vehicle Reference,Vehicle Type,Generic make / model,Junction Location
40,0,200501TE00475,2005,2005-12-15,Thursday,08:25:00,30,T or staggered junction,Give way or uncontrolled,-0.114932,51.479531,Fatal,Female,34,26 - 35,2,Male,26,26 - 35,1,Goods 7.5 tonnes mgw and over,Mid Junction - on roundabout or on main road,Speed limit,Junction Detail,Junction Control,Road Type,Road Surface Conditions,Light Conditions,Weather Conditions,Sex of Casualty,Age of Casualty,Age Band of Casualty,Vehicle Reference,Sex of Driver,Age of Driver,Age Band of Driver,Vehicle Reference,Vehicle Type,Generic make / model,Junction Location
41,0,200601TA00149,2006,2006-07-21,Friday,18:03:00,30,T or staggered junction,Give way or uncontrolled,-0.127468,51.528563,Fatal,Female,43,36 - 45,2,Male,39,36 - 45,1,Goods 7.5 tonnes mgw and over,Cleared junction or waiting/parked at junction exit,Speed limit,Junction Detail,Junction Control,Road Type,Road Surface Conditions,Light Conditions,Weather Conditions,Sex of Casualty,Age of Casualty,Age Band of Casualty,Vehicle Reference,Sex of Driver,Age of Driver,Age Band of Driver,Vehicle Reference,Vehicle Type,Generic make / model,Junction Location
42,0,200601TA00205,2006,2006-09-05,Tuesday,13:00:00,30,T or staggered junction,Give way or uncontrolled,-0.188654,51.53438,Fatal,Female,32,26 - 35,1,Female,32,26 - 35,1,Pedal cycle,Cleared junction or waiting/parked at junction exit,Speed limit,Junction Detail,Junction Control,Road Type,Road Surface Conditions,Light Conditions,Weather Conditions,Sex of Casualty,Age of Casualty,Age Band of Casualty,Vehicle Reference,Sex of Driver,Age of Driver,Age Band of Driver,Vehicle Reference,Vehicle Type,Generic make / model,Junction Location
43,0,200601TA00240,2006,2006-10-17,Tuesday,08:40:00,30,Crossroads,Auto traffic signal,-0.179156,51.486931,Fatal,Female,28,26 - 35,2,Male,44,36 - 45,1,Goods 7.5 tonnes mgw and over,Mid Junction - on roundabout or on main road,Speed limit,Junction Detail,Junction Control,Road Type,Road Surface Conditions,Light Conditions,Weather Conditions,Sex of Casualty,Age of Casualty,Age Band of Casualty,Vehicle Reference,Sex of Driver,Age of Driver,Age Band of Driver,Vehicle Reference,Vehicle Type,Generic make / model,Junction Location
44,0,200601TA00292,2006,2006-12-21,Thursday,09:17:00,30,T or staggered junction,Auto traffic signal,-0.126681,51.533676,Fatal,Female,56,56 - 65,2,Male,51,46 - 55,1,Goods 7.5 tonnes mgw and over,Mid Junction - on roundabout or on main road,Speed limit,Junction Detail,Junction Control,Road Type,Road Surface Conditions,Light Conditions,Weather Conditions,Sex of Casualty,Age of Casualty,Age Band of Casualty,Vehicle Reference,Sex of Driver,Age of Driver,Age Band of Driver,Vehicle Reference,Vehicle Type,Generic make / model,Junction Location
45,0,200601TE00016,2006,2006-01-12,Thursday,09:32:00,30,T or staggered junction,Auto traffic signal,-0.118383,51.50063,Fatal,Female,57,56 - 65,2,Male,49,46 - 55,1,Taxi/Private hire car,Mid Junction - on roundabout or on main road,Speed limit,Junction Detail,Junction Control,Road Type,Road Surface Conditions,Light Conditions,Weather Conditions,Sex of Casualty,Age of Casualty,Age Band of Casualty,Vehicle Reference,Sex of Driver,Age of Driver,Age Band of Driver,Vehicle Reference,Vehicle Type,Generic make / model,Junction Location
46,0,200701CP00032,2007,2007-01-30,Tuesday,07:40:00,30,T or staggered junction,Auto traffic signal,-0.107581,51.510978,Fatal,Male,25,21 - 25,2,Male,59,56 - 65,1,Goods 7.5 tonnes mgw and over,Cleared junction or waiting/parked at junction exit,Speed limit,Junction Detail,Junction Control,Road Type,Road Surface Conditions,Light Conditions,Weather Conditions,Sex of Casualty,Age of Casualty,Age Band of Casualty,Vehicle Reference,Sex of Driver,Age of Driver,Age Band of Driver,Vehicle Reference,Vehicle Type,Generic make / model,Junction Location
47,0,200701GD69027,2007,2007-04-14,Saturday,01:10:00,30,T or staggered junction,Give way or uncontrolled,-0.061821,51.536489,Fatal,Male,Data missing or out of range,Data missing or out of range,1,Male,Data missing or out of range,Data missing or out of range,1,Pedal cycle,Mid Junction - on roundabout or on main road,Speed limit,Junction Detail,Junction Control,Road Type,Road Surface Conditions,Light Conditions,Weather Conditions,Sex of Casualty,Age of Casualty,Age Band of Casualty,Vehicle Reference,Sex of Driver,Age of Driver,Age Band of Driver,Vehicle Reference,Vehicle Type,Generic make / model,Junction Location
48,0,200701TA00033,2007,2007-03-09,Friday,08:21:00,30,Other junction,Auto traffic signal,-0.114238,51.531228,Fatal,Female,26,26 - 35,2,Male,37,36 - 45,1,Goods 7.5 tonnes mgw and over,Mid Junction - on roundabout or on main road,Speed limit,Junction Detail,Junction Control,Road Type,Road Surface Conditions,Light Conditions,Weather Conditions,Sex of Casualty,Age of Casualty,Age Band of Casualty,Vehicle Reference,Sex of Driver,Age of Driver,Age Band of Driver,Vehicle Reference,Vehicle Type,Generic make / model,Junction Location
49,0,200701TA00034,2007,2007-03-08,Thursday,09:16:00,30,Not at junction or within 20 metres,Data missing or out of range,-0.124435,51.52168,Fatal,Female,24,21 - 25,2,Male,49,46 - 55,1,Goods 7.5 tonnes mgw and over,Not at or within 20 metres of junction,Speed limit,Junction Detail,Junction Control,Road Type,Road Surface Conditions,Light Conditions,Weather Conditions,Sex of Casualty,Age of Casualty,Age Band of Casualty,Vehicle Reference,Sex of Driver,Age of Driver,Age Band of Driver,Vehicle Reference,Vehicle Type,Generic make / model,Junction Location
50,0,200701TC00107,2007,2007-05-04,Friday,10:32:00,30,T or staggered junction,Auto traffic signal,-0.07705,51.534402,Fatal,Male,33,26 - 35,2,Male,56,56 - 65,1,Goods 7.5 tonnes mgw and over,Mid Junction - on roundabout or on main road,Speed limit,Junction Detail,Junction Control,Road Type,Road Surface Conditions,Light Conditions,Weather Conditions,Sex of Casualty,Age of Casualty,Age Band of Casualty,Vehicle Reference,Sex of Driver,Age of Driver,Age Band of Driver,Vehicle Reference,Vehicle Type,Generic make / model,Junction Location
51,0,200801CP00222,2008,2008-09-18,Thursday,07:21:00,30,Crossroads,Auto traffic signal,-0.093319,51.510836,Fatal,Male,40,36 - 45,2,Male,63,56 - 65,1,Goods 7.5 tonnes mgw and over,Approaching junction or waiting/parked at junction approach,Speed limit,Junction Detail,Junction Control,Road Type,Road Surface Conditions,Light Conditions,Weather Conditions,Sex of Casualty,Age of Casualty,Age Band of Casualty,Vehicle Reference,Sex of Driver,Age of Driver,Age Band of Driver,Vehicle Reference,Vehicle Type,Generic make / model,Junction Location
52,0,200801CW69540,2008,2008-02-21,Thursday,22:58:00,30,Other junction,Auto traffic signal,-0.158219,51.513223,Fatal,Male,35,26 - 35,2,Male,61,56 - 65,1,Bus or coach (17 or more pass seats),Cleared junction or waiting/parked at junction exit,Speed limit,Junction Detail,Junction Control,Road Type,Road Surface Conditions,Light Conditions,Weather Conditions,Sex of Casualty,Age of Casualty,Age Band of Casualty,Vehicle Reference,Sex of Driver,Age of Driver,Age Band of Driver,Vehicle Reference,Vehicle Type,Generic make / model,Junction Location
53,0,200801EK74772,2008,2008-09-24,Wednesday,06:40:00,30,Crossroads,Auto traffic signal,-0.121233,51.518931,Fatal,Female,31,26 - 35,2,Male,48,46 - 55,1,Goods 7.5 tonnes mgw and over,Entering main road,Speed limit,Junction Detail,Junction Control,Road Type,Road Surface Conditions,Light Conditions,Weather Conditions,Sex of Casualty,Age of Casualty,Age Band of Casualty,Vehicle Reference,Sex of Driver,Age of Driver,Age Band of Driver,Vehicle Reference,Vehicle Type,Generic make / model,Junction Location
54,0,200801GD72020,2008,2008-04-21,Monday,08:44:00,30,Crossroads,Auto traffic signal,-0.076345,51.540865,Fatal,Male,37,36 - 45,2,Male,40,36 - 45,1,Goods 7.5 tonnes mgw and over,Entering main road,Speed limit,Junction Detail,Junction Control,Road Type,Road Surface Conditions,Light Conditions,Weather Conditions,Sex of Casualty,Age of Casualty,Age Band of Casualty,Vehicle Reference,Sex of Driver,Age of Driver,Age Band of Driver,Vehicle Reference,Vehicle Type,Generic make / model,Junction Location
55,0,200801WW70000,2008,2008-01-16,Wednesday,11:58:00,30,Not at junction or within 20 metres,Data missing or out of range,-0.145974,51.477598,Fatal,Male,36,36 - 45,1,Male,36,36 - 45,1,Pedal cycle,Not at or within 20 metres of junction,Speed limit,Junction Detail,Junction Control,Road Type,Road Surface Conditions,Light Conditions,Weather Conditions,Sex of Casualty,Age of Casualty,Age Band of Casualty,Vehicle Reference,Sex of Driver,Age of Driver,Age Band of Driver,Vehicle Reference,Vehicle Type,Generic make / model,Junction Location
56,0,200901TA00031,2009,2009-04-09,Thursday,09:20:00,30,Crossroads,Auto traffic signal,-0.098427,51.523149,Fatal,Female,30,26 - 35,2,Male,34,26 - 35,1,Other vehicle,Mid Junction - on roundabout or on main road,Speed limit,Junction Detail,Junction Control,Road Type,Road Surface Conditions,Light Conditions,Weather Conditions,Sex of Casualty,Age of Casualty,Age Band of Casualty,Vehicle Reference,Sex of Driver,Age of Driver,Age Band of Driver,Vehicle Reference,Vehicle Type,Generic make / model,Junction Location
57,0,200901TA00126,2009,2009-10-20,Tuesday,08:20:00,30,T or staggered junction,Auto traffic signal,-0.118881,51.509541,Fatal,Female,33,26 - 35,2,Male,44,36 - 45,1,Motorcycle over 500cc,Mid Junction - on roundabout or on main road,Speed limit,Junction Detail,Junction Control,Road Type,Road Surface Conditions,Light Conditions,Weather Conditions,Sex of Casualty,Age of Casualty,Age Band of Casualty,Vehicle Reference,Sex of Driver,Age of Driver,Age Band of Driver,Vehicle Reference,Vehicle Type,Generic make / model,Junction Location
58,0,200901TB00089,2009,2009-06-12,Friday,18:40:00,30,Roundabout,Auto traffic signal,-0.107586,51.517812,Fatal,Female,24,21 - 25,2,Male,Data missing or out of range,Data missing or out of range,1,Goods 7.5 tonnes mgw and over,Mid Junction - on roundabout or on main road,Speed limit,Junction Detail,Junction Control,Road Type,Road Surface Conditions,Light Conditions,Weather Conditions,Sex of Casualty,Age of Casualty,Age Band of Casualty,Vehicle Reference,Sex of Driver,Age of Driver,Age Band of Driver,Vehicle Reference,Vehicle Type,Generic make / model,Junction Location
59,0,200901TB00207,2009,2009-11-11,Wednesday,23:04:00,30,Crossroads,Auto traffic signal,-0.120941,51.519016,Fatal,Female,22,21 - 25,2,Female,23,21 - 25,1,Bus or coach (17 or more pass seats),Cleared junction or waiting/parked at junction exit,Speed limit,Junction Detail,Junction Control,Road Type,Road Surface Conditions,Light Conditions,Weather Conditions,Sex of Casualty,Age of Casualty,Age Band of Casualty,Vehicle Reference,Sex of Driver,Age of Driver,Age Band of Driver,Vehicle Reference,Vehicle Type,Generic make / model,Junction Location
60,0,200901TC00237,2009,2009-09-16,Wednesday,06:30:00,30,T or staggered junction,Auto traffic signal,-0.062876,51.518431,Fatal,Female,26,26 - 35,2,Male,61,56 - 65,1,Goods over 3.5t. and under 7.5t,Mid Junction - on roundabout or on main road,Speed limit,Junction Detail,Junction Control,Road Type,Road Surface Conditions,Light Conditions,Weather Conditions,Sex of Casualty,Age of Casualty,Age Band of Casualty,Vehicle Reference,Sex of Driver,Age of Driver,Age Band of Driver,Vehicle Reference,Vehicle Type,Generic make / model,Junction Location
61,0,200901TD00051,2009,2009-04-08,Wednesday,14:53:00,30,Roundabout,Give way or uncontrolled,-0.100439,51.495574,Fatal,Female,37,36 - 45,2,Male,44,36 - 45,1,Goods 7.5 tonnes mgw and over,Leaving roundabout,Speed limit,Junction Detail,Junction Control,Road Type,Road Surface Conditions,Light Conditions,Weather Conditions,Sex of Casualty,Age of Casualty,Age Band of Casualty,Vehicle Reference,Sex of Driver,Age of Driver,Age Band of Driver,Vehicle Reference,Vehicle Type,Generic make / model,Junction Location
62,0,200901TD00156,2009,2009-06-29,Monday,08:28:00,30,Crossroads,Auto traffic signal,-0.112532,51.481831,Fatal,Female,39,36 - 45,1,Female,39,36 - 45,1,Pedal cycle,Mid Junction - on roundabout or on main road,Speed limit,Junction Detail,Junction Control,Road Type,Road Surface Conditions,Light Conditions,Weather Conditions,Sex of Casualty,Age of Casualty,Age Band of Casualty,Vehicle Reference,Sex of Driver,Age of Driver,Age Band of Driver,Vehicle Reference,Vehicle Type,Generic make / model,Junction Location
63,0,201001TA00002,2010,2010-01-08,Friday,09:00:00,30,T or staggered junction,Give way or uncontrolled,-0.095059,51.527861,Fatal,Male,51,46 - 55,2,Male,64,56 - 65,1,Car,Mid Junction - on roundabout or on main road,Speed limit,Junction Detail,Junction Control,Road Type,Road Surface Conditions,Light Conditions,Weather Conditions,Sex of Casualty,Age of Casualty,Age Band of Casualty,Vehicle Reference,Sex of Driver,Age of Driver,Age Band of Driver,Vehicle Reference,Vehicle Type,Generic make / model,Junction Location
64,0,201001TA00042,2010,2010-04-14,Wednesday,13:00:00,30,Not at junction or within 20 metres,Data missing or out of range,-0.132154,51.516228,Fatal,Female,25,21 - 25,2,Male,60,56 - 65,1,Bus or coach (17 or more pass seats),Not at or within 20 metres of junction,Speed limit,Junction Detail,Junction Control,Road Type,Road Surface Conditions,Light Conditions,Weather Conditions,Sex of Casualty,Age of Casualty,Age Band of Casualty,Vehicle Reference,Sex of Driver,Age of Driver,Age Band of Driver,Vehicle Reference,Vehicle Type,Generic make / model,Junction Location
65,0,201001TA00102,2010,2010-05-22,Saturday,11:25:00,30,T or staggered junction,Auto traffic signal,-0.131381,51.489327,Fatal,Male,48,46 - 55,2,Male,45,36 - 45,1,Other vehicle,Mid Junction - on roundabout or on main road,Speed limit,Junction Detail,Junction Control,Road Type,Road Surface Conditions,Light Conditions,Weather Conditions,Sex of Casualty,Age of Casualty,Age Band of Casualty,Vehicle Reference,Sex of Driver,Age of Driver,Age Band of Driver,Vehicle Reference,Vehicle Type,Generic make / model,Junction Location
66,0,201001TD00039,2010,2010-02-09,Tuesday,09:36:00,30,Crossroads,Auto traffic signal,-0.078306,51.501149,Fatal,Male,46,46 - 55,2,Male,44,36 - 45,1,Goods 7.5 tonnes mgw and over,Mid Junction - on roundabout or on main road,Speed limit,Junction Detail,Junction Control,Road Type,Road Surface Conditions,Light Conditions,Weather Conditions,Sex of Casualty,Age of Casualty,Age Band of Casualty,Vehicle Reference,Sex of Driver,Age of Driver,Age Band of Driver,Vehicle Reference,Vehicle Type,Generic make / model,Junction Location
67,0,201001TD00073,2010,2010-03-09,Tuesday,09:42:00,30,Crossroads,Give way or uncontrolled,-0.08576,51.50208,Fatal,Male,21,21 - 25,1,Male,21,21 - 25,1,Pedal cycle,Mid Junction - on roundabout or on main road,Speed limit,Junction Detail,Junction Control,Road Type,Road Surface Conditions,Light Conditions,Weather Conditions,Sex of Casualty,Age of Casualty,Age Band of Casualty,Vehicle Reference,Sex of Driver,Age of Driver,Age Band of Driver,Vehicle Reference,Vehicle Type,Generic make / model,Junction Location
68,0,201101TD00060,2011,2011-03-22,Tuesday,13:20:00,30,T or staggered junction,Give way or uncontrolled,-0.074449,51.500366,Fatal,Male,20,16 - 20,2,Male,44,36 - 45,1,Other vehicle,Mid Junction - on roundabout or on main road,Speed limit,Junction Detail,Junction Control,Road Type,Road Surface Conditions,Light Conditions,Weather Conditions,Sex of Casualty,Age of Casualty,Age Band of Casualty,Vehicle Reference,Sex of Driver,Age of Driver,Age Band of Driver,Vehicle Reference,Vehicle Type,Generic make / model,Junction Location
69,0,201101TD00115,2011,2011-06-21,Tuesday,08:30:00,30,T or staggered junction,Give way or uncontrolled,-0.061296,51.531894,Fatal,Male,44,36 - 45,2,Male,52,46 - 55,1,Goods 7.5 tonnes mgw and over,Mid Junction - on roundabout or on main road,Speed limit,Junction Detail,Junction Control,Road Type,Road Surface Conditions,Light Conditions,Weather Conditions,Sex of Casualty,Age of Casualty,Age Band of Casualty,Vehicle Reference,Sex of Driver,Age of Driver,Age Band of Driver,Vehicle Reference,Vehicle Type,Generic make / model,Junction Location
70,0,201101TD00168,2011,2011-10-03,Monday,11:42:00,30,Crossroads,Auto traffic signal,-0.122625,51.530644,Fatal,Female,24,21 - 25,1,Female,24,21 - 25,1,Pedal cycle,Mid Junction - on roundabout or on main road,Speed limit,Junction Detail,Junction Control,Road Type,Road Surface Conditions,Light Conditions,Weather Conditions,Sex of Casualty,Age of Casualty,Age Band of Casualty,Vehicle Reference,Sex of Driver,Age of Driver,Age Band of Driver,Vehicle Reference,Vehicle Type,Generic make / model,Junction Location
71,0,201101TD00198,2011,2011-12-02,Friday,10:07:00,30,Crossroads,Auto traffic signal,-0.079897,51.497578,Fatal,Female,22,21 - 25,2,Male,31,26 - 35,1,Goods 7.5 tonnes mgw and over,Mid Junction - on roundabout or on main road,Speed limit,Junction Detail,Junction Control,Road Type,Road Surface Conditions,Light Conditions,Weather Conditions,Sex of Casualty,Age of Casualty,Age Band of Casualty,Vehicle Reference,Sex of Driver,Age of Driver,Age Band of Driver,Vehicle Reference,Vehicle Type,Generic make / model,Junction Location
72,0,201201CP00045,2012,2012-02-03,Friday,13:05:00,30,Crossroads,Auto traffic signal,-0.081715,51.516043,Fatal,Male,61,56 - 65,2,Male,51,46 - 55,1,Bus or coach (17 or more pass seats),Mid Junction - on roundabout or on main road,Speed limit,Junction Detail,Junction Control,Road Type,Road Surface Conditions,Light Conditions,Weather Conditions,Sex of Casualty,Age of Casualty,Age Band of Casualty,Vehicle Reference,Sex of Driver,Age of Driver,Age Band of Driver,Vehicle Reference,Vehicle Type,Generic make / model,Junction Location
73,0,201301CP00228,2013,2013-09-15,Sunday,07:55:00,30,Roundabout,Auto traffic signal,-0.076917,51.513627,Fatal,Female,21,21 - 25,2,Male,45,36 - 45,1,Other vehicle,Approaching junction or waiting/parked at junction approach,Speed limit,Junction Detail,Junction Control,Road Type,Road Surface Conditions,Light Conditions,Weather Conditions,Sex of Casualty,Age of Casualty,Age Band of Casualty,Vehicle Reference,Sex of Driver,Age of Driver,Age Band of Driver,Vehicle Reference,Vehicle Type,Generic make / model,Junction Location
74,0,201301TD00037,2013,2013-04-08,Monday,08:25:00,30,Crossroads,Auto traffic signal,-0.139283,51.496917,Fatal,Female,35,26 - 35,2,Male,50,46 - 55,1,Goods 7.5 tonnes mgw and over,Entering main road,Speed limit,Junction Detail,Junction Control,Road Type,Road Surface Conditions,Light Conditions,Weather Conditions,Sex of Casualty,Age of Casualty,Age Band of Casualty,Vehicle Reference,Sex of Driver,Age of Driver,Age Band of Driver,Vehicle Reference,Vehicle Type,Generic make / model,Junction Location
75,0,201301TD00074,2013,2013-07-05,Friday,19:18:00,30,T or staggered junction,Auto traffic signal,-0.072243,51.515079,Fatal,Female,20,16 - 20,2,Male,48,46 - 55,1,Goods 7.5 tonnes mgw and over,Approaching junction or waiting/parked at junction approach,Speed limit,Junction Detail,Junction Control,Road Type,Road Surface Conditions,Light Conditions,Weather Conditions,Sex of Casualty,Age of Casualty,Age Band of Casualty,Vehicle Reference,Sex of Driver,Age of Driver,Age Band of Driver,Vehicle Reference,Vehicle Type,Generic make / model,Junction Location
76,0,201301TD00077,2013,2013-07-15,Monday,09:24:00,30,Not at junction or within 20 metres,Data missing or out of range,-0.119704,51.517558,Fatal,Male,54,46 - 55,2,Male,51,46 - 55,1,Goods over 3.5t. and under 7.5t,Not at or within 20 metres of junction,Speed limit,Junction Detail,Junction Control,Road Type,Road Surface Conditions,Light Conditions,Weather Conditions,Sex of Casualty,Age of Casualty,Age Band of Casualty,Vehicle Reference,Sex of Driver,Age of Driver,Age Band of Driver,Vehicle Reference,Vehicle Type,Generic make / model,Junction Location
77,0,201301TD00137,2013,2013-11-05,Tuesday,18:42:00,30,Crossroads,Auto traffic signal,-0.121089,51.518929,Fatal,Male,69,66 - 75,2,Male,30,26 - 35,1,Bus or coach (17 or more pass seats),Mid Junction - on roundabout or on main road,Speed limit,Junction Detail,Junction Control,Road Type,Road Surface Conditions,Light Conditions,Weather Conditions,Sex of Casualty,Age of Casualty,Age Band of Casualty,Vehicle Reference,Sex of Driver,Age of Driver,Age Band of Driver,Vehicle Reference,Vehicle Type,Generic make / model,Junction Location
78,0,201301TD00140,2013,2013-11-13,Wednesday,23:30:00,30,Crossroads,Auto traffic signal,-0.071808,51.515161,Fatal,Male,21,21 - 25,2,Male,49,46 - 55,1,Bus or coach (17 or more pass seats),Approaching junction or waiting/parked at junction approach,Speed limit,Junction Detail,Junction Control,Road Type,Road Surface Conditions,Light Conditions,Weather Conditions,Sex of Casualty,Age of Casualty,Age Band of Casualty,Vehicle Reference,Sex of Driver,Age of Driver,Age Band of Driver,Vehicle Reference,Vehicle Type,Generic make / model,Junction Location
79,0,201301TD00144,2013,2013-11-18,Monday,12:07:00,30,Crossroads,Auto traffic signal,-0.094512,51.482259,Fatal,Male,61,56 - 65,2,Male,41,36 - 45,1,Other vehicle,Mid Junction - on roundabout or on main road,Speed limit,Junction Detail,Junction Control,Road Type,Road Surface Conditions,Light Conditions,Weather Conditions,Sex of Casualty,Age of Casualty,Age Band of Casualty,Vehicle Reference,Sex of Driver,Age of Driver,Age Band of Driver,Vehicle Reference,Vehicle Type,Generic make / model,Junction Location
80,0,201401CP00107,2014,2014-04-03,Thursday,10:00:00,30,Crossroads,Auto traffic signal,-0.104426,51.514075,Fatal,Male,32,26 - 35,2,Male,52,46 - 55,1,Other vehicle,Mid Junction - on roundabout or on main road,Speed limit,Junction Detail,Junction Control,Road Type,Road Surface Conditions,Light Conditions,Weather Conditions,Sex of Casualty,Age of Casualty,Age Band of Casualty,Vehicle Reference,Sex of Driver,Age of Driver,Age Band of Driver,Vehicle Reference,Vehicle Type,Generic make / model,Junction Location
81,0,201401CP00243,2014,2014-08-02,Saturday,19:36:00,30,Not at junction or within 20 metres,Data missing or out of range,-0.087187,51.509298,Fatal,Male,28,26 - 35,2,Male,31,26 - 35,1,Car,Not at or within 20 metres of junction,Speed limit,Junction Detail,Junction Control,Road Type,Road Surface Conditions,Light Conditions,Weather Conditions,Sex of Casualty,Age of Casualty,Age Band of Casualty,Vehicle Reference,Sex of Driver,Age of Driver,Age Band of Driver,Vehicle Reference,Vehicle Type,Generic make / model,Junction Location
82,0,201401CP00297,2014,2014-10-17,Friday,11:35:00,30,Crossroads,Auto traffic signal,-0.104426,51.514075,Fatal,Female,26,26 - 35,2,Male,44,36 - 45,1,Goods 7.5 tonnes mgw and over,Mid Junction - on roundabout or on main road,Speed limit,Junction Detail,Junction Control,Road Type,Road Surface Conditions,Light Conditions,Weather Conditions,Sex of Casualty,Age of Casualty,Age Band of Casualty,Vehicle Reference,Sex of Driver,Age of Driver,Age Band of Driver,Vehicle Reference,Vehicle Type,Generic make / model,Junction Location
83,0,201401TD00015,2014,2014-02-25,Tuesday,18:23:00,30,T or staggered junction,Give way or uncontrolled,-0.142788,51.517026,Fatal,Male,69,66 - 75,2,Female,55,46 - 55,1,Car,Cleared junction or waiting/parked at junction exit,Speed limit,Junction Detail,Junction Control,Road Type,Road Surface Conditions,Light Conditions,Weather Conditions,Sex of Casualty,Age of Casualty,Age Band of Casualty,Vehicle Reference,Sex of Driver,Age of Driver,Age Band of Driver,Vehicle Reference,Vehicle Type,Generic make / model,Junction Location
84,0,201401TD00039,2014,2014-05-13,Tuesday,16:05:00,30,Other junction,Auto traffic signal,-0.1004,51.493056,Fatal,Male,47,46 - 55,2,Male,49,46 - 55,1,Goods 7.5 tonnes mgw and over,Cleared junction or waiting/parked at junction exit,Speed limit,Junction Detail,Junction Control,Road Type,Road Surface Conditions,Light Conditions,Weather Conditions,Sex of Casualty,Age of Casualty,Age Band of Casualty,Vehicle Reference,Sex of Driver,Age of Driver,Age Band of Driver,Vehicle Reference,Vehicle Type,Generic make / model,Junction Location
85,0,201401TD00047,2014,2014-06-02,Monday,06:58:00,30,T or staggered junction,Auto traffic signal,-0.123667,51.484258,Fatal,Male,52,46 - 55,2,Male,59,56 - 65,1,Other vehicle,Cleared junction or waiting/parked at junction exit,Speed limit,Junction Detail,Junction Control,Road Type,Road Surface Conditions,Light Conditions,Weather Conditions,Sex of Casualty,Age of Casualty,Age Band of Casualty,Vehicle Reference,Sex of Driver,Age of Driver,Age Band of Driver,Vehicle Reference,Vehicle Type,Generic make / model,Junction Location
86,0,201401TD00122,2014,2014-12-06,Saturday,07:21:00,30,Crossroads,Give way or uncontrolled,-0.068799,51.511335,Fatal,Male,57,56 - 65,2,Male,46,46 - 55,1,Car,Mid Junction - on roundabout or on main road,Speed limit,Junction Detail,Junction Control,Road Type,Road Surface Conditions,Light Conditions,Weather Conditions,Sex of Casualty,Age of Casualty,Age Band of Casualty,Vehicle Reference,Sex of Driver,Age of Driver,Age Band of Driver,Vehicle Reference,Vehicle Type,Generic make / model,Junction Location
87,0,201501CP00181,2015,2015-06-22,Monday,08:59:00,30,More than 4 arms (not roundabout),Auto traffic signal,-0.089058,51.513339,Fatal,Female,26,26 - 35,2,Male,51,46 - 55,1,Goods over 3.5t. and under 7.5t,Mid Junction - on roundabout or on main road,Speed limit,Junction Detail,Junction Control,Road Type,Road Surface Conditions,Light Conditions,Weather Conditions,Sex of Casualty,Age of Casualty,Age Band of Casualty,Vehicle Reference,Sex of Driver,Age of Driver,Age Band of Driver,Vehicle Reference,Vehicle Type,Generic make / model,Junction Location
88,0,201501TD00027,2015,2015-02-06,Friday,21:18:00,30,T or staggered junction,Give way or uncontrolled,-0.121988,51.518637,Fatal,Female,26,26 - 35,2,Male,31,26 - 35,1,Goods over 3.5t. and under 7.5t,Mid Junction - on roundabout or on main road,Speed limit,Junction Detail,Junction Control,Road Type,Road Surface Conditions,Light Conditions,Weather Conditions,Sex of Casualty,Age of Casualty,Age Band of Casualty,Vehicle Reference,Sex of Driver,Age of Driver,Age Band of Driver,Vehicle Reference,Vehicle Type,Generic make / model,Junction Location
89,0,201501TD00035,2015,2015-02-19,Thursday,07:55:00,30,Crossroads,Auto traffic signal,-0.141905,51.496743,Fatal,Female,36,36 - 45,2,Male,60,56 - 65,1,Goods 7.5 tonnes mgw and over,Mid Junction - on roundabout or on main road,Speed limit,Junction Detail,Junction Control,Road Type,Road Surface Conditions,Light Conditions,Weather Conditions,Sex of Casualty,Age of Casualty,Age Band of Casualty,Vehicle Reference,Sex of Driver,Age of Driver,Age Band of Driver,Vehicle Reference,Vehicle Type,Generic make / model,Junction Location
90,0,201501TD00055,2015,2015-04-09,Thursday,09:33:00,30,Roundabout,Give way or uncontrolled,-0.125134,51.494677,Fatal,Female,55,46 - 55,2,Male,40,36 - 45,1,Goods 7.5 tonnes mgw and over,Approaching junction or waiting/parked at junction approach,Speed limit,Junction Detail,Junction Control,Road Type,Road Surface Conditions,Light Conditions,Weather Conditions,Sex of Casualty,Age of Casualty,Age Band of Casualty,Vehicle Reference,Sex of Driver,Age of Driver,Age Band of Driver,Vehicle Reference,Vehicle Type,Generic make / model,Junction Location
91,0,201501TD00072,2015,2015-05-28,Thursday,07:58:00,30,T or staggered junction,Give way or uncontrolled,-0.093198,51.47285,Fatal,Female,32,26 - 35,2,Male,46,46 - 55,1,Goods 7.5 tonnes mgw and over,Mid Junction - on roundabout or on main road,Speed limit,Junction Detail,Junction Control,Road Type,Road Surface Conditions,Light Conditions,Weather Conditions,Sex of Casualty,Age of Casualty,Age Band of Casualty,Vehicle Reference,Sex of Driver,Age of Driver,Age Band of Driver,Vehicle Reference,Vehicle Type,Generic make / model,Junction Location
92,0,2016010028221,2016,2016-10-31,Monday,12:38:00,30,Other junction,Auto traffic signal,-0.161139,51.501578,Fatal,Male,21,21 - 25,1,Male,21,21 - 25,1,Pedal cycle,Mid Junction - on roundabout or on main road,Speed limit,Junction Detail,Junction Control,Road Type,Road Surface Conditions,Light Conditions,Weather Conditions,Sex of Casualty,Age of Casualty,Age Band of Casualty,Vehicle Reference,Sex of Driver,Age of Driver,Age Band of Driver,Vehicle Reference,Vehicle Type,Generic make / model,Junction Location
93,0,201601TD00018,2016,2016-02-12,Friday,12:20:00,30,Crossroads,Auto traffic signal,-0.081558,51.526652,Fatal,Female,44,36 - 45,1,Male,19,16 - 20,1,Pedal cycle,Cleared junction or waiting/parked at junction exit,Speed limit,Junction Detail,Junction Control,Road Type,Road Surface Conditions,Light Conditions,Weather Conditions,Sex of Casualty,Age of Casualty,Age Band of Casualty,Vehicle Reference,Sex of Driver,Age of Driver,Age Band of Driver,Vehicle Reference,Vehicle Type,Generic make / model,Junction Location
94,0,201601TD00067,2016,2016-06-04,Saturday,17:00:00,30,Crossroads,Auto traffic signal,-0.114719,51.512622,Fatal,Male,45,36 - 45,1,Male,45,36 - 45,1,Pedal cycle,Cleared junction or waiting/parked at junction exit,Speed limit,Junction Detail,Junction Control,Road Type,Road Surface Conditions,Light Conditions,Weather Conditions,Sex of Casualty,Age of Casualty,Age Band of Casualty,Vehicle Reference,Sex of Driver,Age of Driver,Age Band of Driver,Vehicle Reference,Vehicle Type,Generic make / model,Junction Location
95,0,201601TD00085,2016,2016-07-29,Friday,07:19:00,30,Not at junction or within 20 metres,Data missing or out of range,-0.114225,51.510635,Fatal,Male,40,36 - 45,1,Male,40,36 - 45,1,Pedal cycle,Not at or within 20 metres of junction,Speed limit,Junction Detail,Junction Control,Road Type,Road Surface Conditions,Light Conditions,Weather Conditions,Sex of Casualty,Age of Casualty,Age Band of Casualty,Vehicle Reference,Sex of Driver,Age of Driver,Age Band of Driver,Vehicle Reference,Vehicle Type,Generic make / model,Junction Location
96,0,2017010016444,2017,2017-02-06,Monday,08:55:00,30,T or staggered junction,Auto traffic signal,-0.0696,51.516169,Fatal,Female,32,26 - 35,2,Male,39,36 - 45,1,Bus or coach (17 or more pass seats),Entering main road,Speed limit,Junction Detail,Junction Control,Road Type,Road Surface Conditions,Light Conditions,Weather Conditions,Sex of Casualty,Age of Casualty,Age Band of Casualty,Vehicle Reference,Sex of Driver,Age of Driver,Age Band of Driver,Vehicle Reference,Vehicle Type,Generic make / model,Junction Location
97,0,2017010038895,2017,2017-05-22,Monday,10:43:00,30,Crossroads,Auto traffic signal,-0.184311,51.484009,Fatal,Male,57,56 - 65,2,Male,55,46 - 55,1,Goods 7.5 tonnes mgw and over,Approaching junction or waiting/parked at junction approach,Speed limit,Junction Detail,Junction Control,Road Type,Road Surface Conditions,Light Conditions,Weather Conditions,Sex of Casualty,Age of Casualty,Age Band of Casualty,Vehicle Reference,Sex of Driver,Age of Driver,Age Band of Driver,Vehicle Reference,Vehicle Type,Generic make / model,Junction Location
98,0,2017010058579,2017,2017-09-12,Tuesday,16:29:00,30,T or staggered junction,Auto traffic signal,-0.14938,51.514308,Fatal,Male,30,26 - 35,1,Male,30,26 - 35,1,Pedal cycle,Cleared junction or waiting/parked at junction exit,Speed limit,Junction Detail,Junction Control,Road Type,Road Surface Conditions,Light Conditions,Weather Conditions,Sex of Casualty,Age of Casualty,Age Band of Casualty,Vehicle Reference,Sex of Driver,Age of Driver,Age Band of Driver,Vehicle Reference,Vehicle Type,Generic make / model,Junction Location
99,0,2017010061138,2017,2017-09-27,Wednesday,07:15:00,30,Crossroads,Auto traffic signal,-0.149815,51.485808,Fatal,Female,36,36 - 45,2,Male,42,36 - 45,1,Goods 7.5 tonnes mgw and over,Approaching junction or waiting/parked at junction approach,Speed limit,Junction Detail,Junction Control,Road Type,Road Surface Conditions,Light Conditions,Weather Conditions,Sex of Casualty,Age of Casualty,Age Band of Casualty,Vehicle Reference,Sex of Driver,Age of Driver,Age Band of Driver,Vehicle Reference,Vehicle Type,Generic make / model,Junction Location
100,0,2018010115039,2018,2018-05-30,Wednesday,09:40:00,30,Crossroads,Auto traffic signal,-0.156953,51.515956,Fatal,Male,83,Over 75,2,Male,29,26 - 35,1,Goods 7.5 tonnes mgw and over,Mid Junction - on roundabout or on main road,Speed limit,Junction Detail,Junction Control,Road Type,Road Surface Conditions,Light Conditions,Weather Conditions,Sex of Casualty,Age of Casualty,Age Band of Casualty,Vehicle Reference,Sex of Driver,Age of Driver,Age Band of Driver,Vehicle Reference,Vehicle Type,Generic make / model,Junction Location
101,0,2018010119169,2018,2018-07-06,Friday,00:18:00,20,Crossroads,Auto traffic signal,-0.100159,51.526471,Fatal,Male,38,36 - 45,2,Male,45,36 - 45,1,Taxi/Private hire car,Mid Junction - on roundabout or on main road,Speed limit,Junction Detail,Junction Control,Road Type,Road Surface Conditions,Light Conditions,Weather Conditions,Sex of Casualty,Age of Casualty,Age Band of Casualty,Vehicle Reference,Sex of Driver,Age of Driver,Age Band of Driver,Vehicle Reference,Vehicle Type,Generic make / model,Junction Location
102,0,2018010119906,2018,2018-07-09,Monday,17:40:00,30,Roundabout,Auto traffic signal,-0.148116,51.477958,Fatal,Male,34,26 - 35,2,Male,58,56 - 65,1,Goods 7.5 tonnes mgw and over,Mid Junction - on roundabout or on main road,Speed limit,Junction Detail,Junction Control,Road Type,Road Surface Conditions,Light Conditions,Weather Conditions,Sex of Casualty,Age of Casualty,Age Band of Casualty,Vehicle Reference,Sex of Driver,Age of Driver,Age Band of Driver,Vehicle Reference,Vehicle Type,Generic make / model,Junction Location
103,0,2018010127131,2018,2018-08-15,Wednesday,09:30:00,20,More than 4 arms (not roundabout),Auto traffic signal,-0.12187,51.517378,Fatal,Male,67,66 - 75,2,Female,47,46 - 55,1,Goods 7.5 tonnes mgw and over,Approaching junction or waiting/parked at junction approach,Speed limit,Junction Detail,Junction Control,Road Type,Road Surface Conditions,Light Conditions,Weather Conditions,Sex of Casualty,Age of Casualty,Age Band of Casualty,Vehicle Reference,Sex of Driver,Age of Driver,Age Band of Driver,Vehicle Reference,Vehicle Type,Generic make / model,Junction Location
104,0,2018010133528,2018,2018-09-19,Wednesday,11:36:00,20,Not at junction or within 20 metres,Data missing or out of range,-0.101927,51.522093,Fatal,Female,55,46 - 55,3,Male,62,56 - 65,1,Taxi/Private hire car,Not at or within 20 metres of junction,Speed limit,Junction Detail,Junction Control,Road Type,Road Surface Conditions,Light Conditions,Weather Conditions,Sex of Casualty,Age of Casualty,Age Band of Casualty,Vehicle Reference,Sex of Driver,Age of Driver,Age Band of Driver,Vehicle Reference,Vehicle Type,Generic make / model,Junction Location
105,0,2020010244580,2020,2020-04-07,Tuesday,13:19:00,30,Crossroads,Auto traffic signal,-0.133654,51.526352,Fatal,Male,39,36 - 45,1,Male,39,36 - 45,1,Motorcycle over 500cc,Approaching junction or waiting/parked at junction approach,Speed limit,Junction Detail,Junction Control,Road Type,Road Surface Conditions,Light Conditions,Weather Conditions,Sex of Casualty,Age of Casualty,Age Band of Casualty,Vehicle Reference,Sex of Driver,Age of Driver,Age Band of Driver,Vehicle Reference,Vehicle Type,Generic make / model,Junction Location
106,0,2021010322598,2021,2021-08-04,Wednesday,08:55:00,20,Crossroads,Auto traffic signal,-0.120953,51.519009,Fatal,Female,41,36 - 45,2,Male,67,66 - 75,1,Goods 7.5 tonnes mgw and over,Approaching junction or waiting/parked at junction approach,Speed limit,Junction Detail,Junction Control,Road Type,Road Surface Conditions,Light Conditions,Weather Conditions,Sex of Casualty,Age of Casualty,Age Band of Casualty,Vehicle Reference,Sex of Driver,Age of Driver,Age Band of Driver,Vehicle Reference,Vehicle Type,Generic make / model,Junction Location
